,Date,Title,URL,Journal,Severe,Severe lower bound,Severe upper bound,Severe p-value,Severe Significant,Severe Adjusted,Severe Calculated,Fatality,Fatality lower bound,Fatality upper bound,Fatality p-value,Fatality Significant,Fatality Adjusted,Fatality Calculated,Multivariate adjustment,Design,Sample,Study population,Added on,Critical only,Discharge vs. death?
0,2020-04-29,"Clinical Characteristics and Short-Term Outcomes of Severe Patients with COVID-19 in Wuhan, China",https://doi.org/10.1101/2020.04.24.20078063,medrxiv,HR 1.12,0.46,2.75,0.8,Not Significant,Not Adjusted,Extracted,,,,,,,,,Prospective observational study,114,"Union Hospital from January 23, 2020 to February 22, 2020",05/06/20,Y,N
1,2020-04-29,Hypertension and Renin-Angiotensin-Aldosterone System Inhibitors in Patients with Covid-19,https://doi.org/10.1101/2020.04.24.20077388,medrxiv,,,,,,,,OR: 3.7,2.99,4.58,,Significant,Not Adjusted,Extracted,,Retrospective observational study,3017,Hackensack Meridian Health network,05/06/20,N,Y
2,2020-04-29,Supplementing the National Early Warning Score (NEWS2) for anticipating early deterioration among patients with COVID-19 infection,https://doi.org/10.1101/2020.04.24.20078006,medrxiv,OR 2.55,1.75,3.72,<0.01,Significant,Not Adjusted,Calculated,,,,,,,,,Retrospective observational study,708,UK NHS hospital from 1st March to 5th April 2020,05/06/20,Y,N
3,2020-04-29,"Role of Drugs Affecting the Renin-Angiotensin-Aldosterone System on Susceptibility and Severity of COVID-19: A Large Case-Control Study from Zheijang Province, China.",https://doi.org/10.1101/2020.04.24.20077875,medrxiv,AOR: 2.35,1.47,3.76,<0.01,Significant,Adjusted,Extracted,,,,,,,,,Retrospective observational study,610,"14 hospitals in Zhejiang province, China between Jan 10 and Feb 28, 2020 and confirmed diagnosis of Covid-19 infection were included",05/06/20,N,N
4,2020-04-28,Association of Digestive Symptoms and Hospitalization in Patients with SARS-CoV-2 Infection,https://doi.org/10.1101/2020.04.23.20076935,medrxiv,OR 2.95,1.07,8.1,0.04,Significant,Not Adjusted,Calculated,,,,,,,,,Retrospective observational study,207,"Stanford University Hospital and Clinics from March 03, 2020 to April 7, 2020",05/06/20,Y,N
5,2020-04-28,"Clinical determinants for fatality of 44,672 patients with COVID-19",https://www.ncbi.nlm.nih.gov/pmc/articles/PMC7187660/,Critical Care,,,,,,,,RR 4.48,3.69,5.45,<0.01,Significant,Not Adjusted,"Extracted RR, Calculated OR",,Case series,44672,"Chinese center for disease control and prevention (44,672 laboratory confirmed cases updated through February 11, 2020, [2])",05/06/20,N,N
6,2020-04-28,"Predictive factors for disease progression in hospitalized patients with Coronavirus Disease 2019 in Wuhan, China",https://doi.org/10.1016/j.jcv.2020.104392,Journal of Clinical Virology,OR 22,6.03,80.3,<0.01,Significant,Not Adjusted,Calculated,,,,,,,,,Retrospective observational study,111,"Union Hospital, Tongji Medical College, Huazhong University of Science and Technology from January 13 to February 16 in 2020",05/06/20,Y,N
7,2020-04-27,Patients with arterial hypertension and COVID-19 are at higher risk of ICU admission,https://doi.org/10.1016/j.bja.2020.04.056,British Journal of Anaesthesia,OR 2.54,1.83,3.54,,Significant,Not Adjusted,Extracted,,,,,,,,,Systematic review and meta-analysis,1382; 4 studies,"MEDLINE, Scopus, and Web of Science for all investigations in English published any time up to March 27, 2020",05/06/20,Y,N
8,2020-04-27,Estimating Survival of Hospitalized COVID-19 Patients from Admission Information,http://doi.org/10.1101/2020.04.22.20075416,medrxiv,,,,,,,,OR 1.83,1.61,2.09,<0.01,Significant,Not Adjusted,Calculated,,Retrospective observational study,5233,"Northwell Health acute care hospitals on or after March 1, 2020, and were discharged or died before April 12, 2020. Clinical outcomes (i.e., discharges, mortality, and length of stay) were monitored until April 12, 2020, the final date of follow-up",05/06/20,N,Y
9,2020-04-27,"Characterization of clinical progression of COVID-19 patients in Shenzhen, China",https://doi.org/10.1101/2020.04.22.20076190,medrxiv,OR 4.64,2.5,8.62,<0.01,Significant,Not Adjusted,Calculated,,,,,,,,,Retrospective observational study,420,Shenzhen between January 11th and March 10th 2020,05/06/20,N,N
10,2020-04-25,The role of comorbidities and clinical predictors of severe disease in COVID-19: a systematic review and meta-analysis Emails,http://doi.org/10.1101/2020.04.21.20074633,,OR 2.35,1.83,3.02,,Significant,Not Adjusted,Extracted,,,,,,,,,Systematic review and meta-analysis,10 studies,"PubMed, Scopus, EMBASE, Web of Science, and Google Scholar searched through March 12 2022",05/06/20,Y,N
11,2020-04-25,Association between rRT-PCR test results upon admission and outcome in hospitalized chest CT-Positive COVID-19 patients; a provincial retrospective cohort with active follow-up,https://doi.org/10.1101/2020.04.21.20074641,medrxiv,,,,,,,,OR 0.99,0.44,2.2,0.99,Not Significant,Adjusted,Extracted,"Age, ICU admission, PCR test results, admission week, number of comorbidities, cardiovascular disease, chronic lung disease, gender, chronic kidney disease, immunodeficiency, diabetes",Retrospective observational study,1197,"Qazvin province hospitals Feb 20-March 11, 2020",05/06/20,N,N
12,2020-04-24,"COVID-19 in Iran, a comprehensive investigation from exposure to treatment outcomes",https://doi.org/10.1101/2020.04.20.20072421,medrxiv,OR 3.04,0.98,9.46,0.06,Not Significant,Not Adjusted,Calculated,,,,,,,,,Retrospective observational study,100,"YAS hospital affiliated to Tehran University of Medical Sciences from Feb 22 to March 5, 2020",05/06/20,Y,N
13,2020-04-23,Risk factors of critical & mortal COVID-19 cases: A systematic literature review and meta-analysis,https://doi.org/10.1016/j.jinf.2020.04.021,Journal of Infection,OR: 2.72,1.6,4.64,,Significant,Not Adjusted,Extracted,,,,,,,,,Systematic review and meta-analysis,3028; 13 studies,China,05/06/20,Y,N
14,2020-04-23,Impaired type I interferon activity and exacerbated inflammatory responses in severe Covid-19 patients,https://www.medrxiv.org/content/10.1101/2020.04.19.20068015v3,medrxiv,OR 2.86,0.82,9.99,0.1,Not Significant,Not Adjusted,Calculated,,,,,,,,,Retrospective observational study,50,PCR-confirmed COVID-19 cases without comorbidities or anti-inflammatory treatments,05/06/20,Y,N
15,2020-04-23,"Venous and arterial thromboembolic complications in COVID-19 patients admitted to an academic hospital in Milan, Italy",doi.org/10.1016/j.thromres.2020.04.024,Thrombosis Research,OR 0.87,0.5,1.51,0.62,Not Significant,Not Adjusted,Calculated,,,,,,,,,Retrospective observational study,388,"Humanitas Clinical and Research Hospital,  since February 2021",05/06/20,Y,N
16,2020-04-22,Impact of blood analysis and immune function on the prognosis of patients with COVID-19,http://doi.org/10.1101/2020.04.16.20067587,medRxiv,,,,,,,,OR 1.96,0.62,6.23,0.26,Not Significant,Not Adjusted,Calculated,,Retrospective observational study,85,COVID-19 pneumonia patients admitted to Third Batch of Chongqing Medical Aid Team from 4 February 2020 to 16 February 2020,05/06/20,N,N
17,2020-04-21,Epidemiological Characteristics of Coronavirus Disease 2019 (COVID-19) Patients in IRAN: A single Center Study [Journal of Clinical Virology],https://doi.org/10.1016/j.jcv.2020.104378,Journal of Clinical Virology,,,,,,,,OR 1.82,0.85,3.87,0.12,Not Significant,Not Adjusted,Calculated,,Retrospective observational study,2968,"Baqiyatallah hospital from 19 February 2020, to 15 April 2020",05/06/20,N,N
18,2020-04-20,"Epidemiology, clinical course, and outcomes of critically ill adults with COVID-19 in New York City: a prospective cohort study",http://doi.org/10.1101/2020.04.15.20067157,medRxiv,,,,,,,,HR 2.27,1.37,3.79,,Significant,Not Adjusted,Extracted,,Prospective observational study,257,"Columbia University Irving Medical Center (2 affiliated hospitals in Manhattan) from March 2nd to April 1st, 2020.",05/06/20,N,N
19,2020-04-19,Early prediction of mortality risk among severe COVID-19 patients using machine learning,https://doi.org/10.1101/2020.04.13.20064329,medRxiv,,,,,,,,OR 1.32,0.72,2.43,0.37,Not Significant,Not Adjusted,Calculated,,Retrospective observational study,256,"Severe COVID-19 patients only from Sino-French New City Branch of Tongji Hospital from Jan 28 to March 11, 2020",05/06/20,N,N
20,2020-04-17,Clinical Characteristics of Covid-19 in New York City,https://doi.org/10.1056/nejmc2010419,New England Journal of Medicine,OR 1.25,0.82,1.9,0.3,Not Significant,Not Adjusted,Calculated,,,,,,,,,Retrospective observational study,393,"2 hospitals in Manhattan from March 3 - March 27, 2020",05/06/20,Y,N
21,2020-04-17,Association between ABO blood groups and clinical outcome of coronavirus disease 2019: Evidence from two cohorts,http://doi.org/10.1101/2020.04.15.20063107,medRxiv,OR 1.94,0.82,4.62,0.13,Not Significant,Not Adjusted,Calculated,OR 0.96,0.36,2.52,0.93,Not Significant,Not Adjusted,Calculated,"age, sex, and medical history",Retrospective observational study,234,"Patients with mild symptoms from Xi’an, Beijing, and Wuhan and patients who are critically ill from Xi'an and Wuhan (from a total of 5 hospitals), enrolled from February 5 to March 20, 2026",05/06/20,Y,N
22,2020-04-16,Characteristics and outcomes of a cohort of SARS-CoV-2 patients in the Province of Reggio,http://doi.org/10.1101/2020.04.13.20063545,,,,,,,,,HR 1.6,1.2,2.1,,Significant,Adjusted,Extracted,Age and gender,Retrospective observational study,2362,"All patients in Reggio Emilia, Italiy from Feb 27 to April 2, 2026",05/06/20,N,N
23,2020-04-16,Characteristics and outcomes of a cohort of SARS-CoV-2 patients in the Province of Reggio,https://doi.org/10.1101/2020.04.13.20063545,medRxiv,HR 1.4,1.2,1.6,,Significant,Not Adjusted,Extracted,HR 1.6,1.2,2.1,,Significant,Not Adjusted,Extracted,,Retrospective observational study,2653,"All symptomatic patients who tested positive in Reggio from February 27 to April 2, 2020.",05/06/20,N,N
24,2020-04-16,Cardiovascular Diseases and COVID-19 Mortality and Intensive Care Unit Admission: A Systematic Review and Meta-analysis [medrxiv],https://doi.org/10.1101/2020.04.12.20062869,medRxiv,2.69,1.55,4.67,,Significant,Not Adjusted,Extracted,OR 1.92,1.34,2.74,,Significant,Not Adjusted,Extracted,,Systematic review and meta-analysis,3473; 16 studies,"PubMed, Embase, Cochrane Library, Scopus, Web of Science as well as medRxiv pre-print database, Google Scholar and journal websites were searched",05/06/20,Y,N
25,2020-04-13,"Suppressed T cell-mediated immunity in patients with COVID-19: a clinical retrospective study in Wuhan, China First Authors",doi.org/10.1016/j.jinf.2020.04.012,Journal of Infection,OR 2.40,1.23,4.7,0.01,Significant,Not Adjusted,Calculated,OR 2.54,1.03,6.28,0.04,,,,,Retrospective observational study,187,"Hubei Provincial Hospital of traditional Chinese and Western Medicine from Dec 26, 2019 to Mar 1,2021",05/06/20,Y,N
26,2020-04-12,The clinical course and its correlated immune status in COVID-19 pneumonia,http://doi.org/10.1016/j.jcv.2020.104361,Journal of Clinical Virology,OR: 7.56,3.37,16.9,<0.01,Significant,Not Adjusted,Calculated,,,,,,,,,Retrospective observational study,204,"Renmin Hospital of Wuhan University between January 10.2020 and February 13,2020",05/06/20,N,N
27,2020-04-12,Risk factors for severity and mortality in adult COVID-19 inpatients in Wuhan Risk factors for severity and mortality in adult COVID-19 1 inpatients in Wuhan,http://doi.org/10.1016/j.jaci.2020.04.006,Journal of Allergy and Clinical Immunology,OR 2.01,1.27,3.17,<0.01,Significant,Not Adjusted,Extracted,,,,,,,,,Retrospective observational study,548,"Sino-French New City Branch of Tongji Hospital, Huazhong University of Science and 161 Technology in Wuhan from January 26, 2020 to February 5, 2023",05/06/20,N,N
28,2020-04-11,"Factors associated with hospitalization and critical illness among 4,103 patients with",http://doi.org/10.1101/2020.04.08.20057794,medRxiv,OR 0.95,0.68,1.33,0.78,Not Significant,Not Adjusted,Extracted,,,,,,,,,Cross-sectional study,4103,"Single-center study in  New York City between March 1, 2020 and April 2, 2020, with follow up through April 7, 2026",04/21/20,Y,N
29,2020-04-11,Key to successful treatment of COVID-19: accurate identification of severe risks and early intervention of disease progression,http://doi.org/10.1101/2020.04.06.20054890,medRxiv,OR 1.83,0.59,5.67,0.3,Not Significant,Not Adjusted,Calculated,,,,,,,,,Retrospective observational study,97,"Fifth Affiliated Hospital of Sun Yat-sen University from January 17, 2020 to March 10, 2020",05/06/20,N,N
30,2020-04-11,Hypertension in patients hospitalized with COVID-19 in Wuhan China: A single-center retrospective observational study,https://doi.org/10.1101/2020.04.06.20054825,medRxiv,OR0.86,0.5,1.47,0.58,Not Significant,Not Adjusted,Calculated,,,,,,,,,Retrospective observational study,274,"Hankou Hospital Jan 3 - March 8, 2020",05/06/20,N,N
31,2020-04-10,The Use of Adjuvant Therapy in Preventing Progression to Severe Pneumonia in Patients with Coronavirus Disease 2019: A Multicenter Data Analysis,http://doi.org/10.1101/2020.04.08.20057539,medRxiv,OR: 3.11,1.75,5.55,<0.01,Significant,Not Adjusted,Extracted,,,,,,,,,Retrospective observational study,564,"Third Xiangya Hospital of Central South University, Changsha Public Health Treatment Center, First Hospital of Yueyang, Junshan People’s Hospital of Yueyang, Central Hospital of Shaoyang, Central Hospital of Xiangtan, Second Hospital of Changde, Central Hospital of Loudi, and First Affiliated Hospital of University of South China from January 17, 2020 to February 28, 2020.",04/20/20,N,N
32,2020-04-07,The relationship of COVID-19 severity with cardiovascular disease and its traditional risk factors: A systematic review and meta-analysis,https://doi.org/10.1101/2020.04.05.20054155,medRxiv,RR 2.87,2.09,3.93,,Significant,Not Adjusted,Extracted,,,,,,,,,Systematic review and meta-analysis,24351; 10 studies,"PubMed and Embase were searched for records published between December 1, 2019 and March 20, 2020.",05/06/20,Y,N
33,2020-04-06,"Urinalysis, but not blood biochemistry, detects the early renal-impairment in patients with COVID-19",https://doi.org/10.1101/2020.04.03.20051722,medRxiv,OR 3.24,1.43,7.35,<0.01,Significant,Not Adjusted,Calculated,,,,,,,,,Retrospective observational study,178,"Tongji Medical College, Huazhong University of Science and Technology, from February 02 to February 29, 2020",05/06/20,Y,N
34,2020-04-04,Angiotensin II Receptor Blockers and Angiotensin-Converting Enzyme Inhibitors Usage is Associated with Improved Inflammatory Status and Clinical Outcomes in COVID-19 Patients With Hypertension,https://doi.org/10.1101/2020.03.31.20038935,medRxiv,OR 1.77,0.86,3.62,0.12,Not Significant,Not Adjusted,Calculated,,,,,,,,,Retrospective observational study,251,"COVID-19 patients with preexisting hypertension at Hubei Provincial Hospital of Traditional Chinese Medicine (HPHTCM) in Wuhan from January 5 to February 22, 2020 and age- and sex-matched COVID-19 patients without hypertension were randomly selected as non-hypertension control",05/06/20,Y,N
35,2020-04-04,Angiotensin II Receptor Blockers and Angiotensin-Converting Enzyme Inhibitors Usage is Associated with Improved Inflammatory Status and Clinical Outcomes in COVID-19 Patients With Hypertension,https://doi.org/10.1101/2020.03.31.20038935,medRxiv,OR 1.63,0.96,2.75,0.07,Not Significant,Not Adjusted,Calculated,OR 1.68,0.67,4.21,0.27,Not Significant,Not Adjusted,Calculated,,Retrospective observational study,251,"COVID-19 patients with preexisting hypertension at Hubei Provincial Hospital of Traditional Chinese Medicine (HPHTCM) in Wuhan from January 5 to February 22, 2020 and age- and sex-matched COVID-19 patients without hypertension were randomly selected as non-hypertension control",05/06/20,N,N
36,2020-04-03,History of coronary heart disease increases the mortality rate of COVID-19 patients: a nested case-control study,https://doi.org/10.1101/2020.03.23.20041848,medRxiv,,,,,,,,HR 1.4,0.9,2.2,0.17,Not Significant,Not Adjusted,Extracted,,Retrospective observational study,275,"mainland China outside of Hubei Province, from December 18th, 2019 to March 8, 2022",04/10/20,N,N
37,2020-04-02,"Clinical features of 95 sequential hospitalised patients with novel coronavirus 2019 disease (COVID-19), the first UK cohort",10.1016/j.jinf.2020.04.020,Journal of Infection,,,,,,,,OR 2.6,0.95,7.1,0.06,Not Significant,Not Adjusted,Calculated,,Retrospective observational study,95,"North Bristol NHS Trust March 10 to March 30, 2020",05/06/20,N,N
38,2020-04-01,Risk factors for severe corona virus disease 2019 (COVID-19) patients : a systematic review and meta analysis,https://doi.org/10.1101/2020.03.30.20047415,medRxiv,OR 2.31,1.68,3.18,,Significant,Not Adjusted,Extracted,,,,,,,,,Systematic review and meta-analysis,1083; 10 studies,"China National Knowledge Infrastructure (CNKI), Wanfang, Weipu, Chinese Biomedicine Literature Database (CBM-SinoMed), MEDLINE (via PubMed), EMBASE, Cochrane Central Register and Web of science searched through  8 March 2021",05/06/20,N,N
39,2020-03-30,"Risk Factors Associated with Clinical Outcomes in 323 COVID-19 Patients in Wuhan, China",https://doi.org/10.1101/2020.03.25.20037721,medRxiv,OR 1.33,0.58,3.04,0.5,Not Significant,Not Adjusted,Calculated,,,,,,,,,Retrospective observational study,323,"Tianyou Hospital from January 8 to February 20, 2021",04/10/20,Y,N
40,2020-03-30,Clinical characteristics associated with COVID-19 severity in California,https://doi.org/10.1101/2020.03.27.20043661,medRxiv,-,-,-,0.05,Not Significant,Not Adjusted,Extracted,,,,,,,,,Retrospective observational study,54,"Stanford Hospital through March 16, 2020",04/10/20,Y,N
41,2020-03-30,"Effects of hypertension, diabetes and coronary heart disease on COVID-19 diseases severity: a systematic review and meta-analysis",https://doi.org/10.1101/2020.03.25.20043133,medRxiv,OR 2.30,1.76,3,<0.01,Significant,Not Adjusted,Extracted,,,,,,,,,Systematic review and meta-analysis,1936; 9 studies,"PubMed (1970-2020.03.06, English), Web of science (1950-2020.03.06, English), China National Knowledge Infrastructure Database (CNKI, 1979-2020.03.06, Chinese), WanFang Database (1970-2020.03.06, Chinese), and VIP Database (1970-2020.03.06, Chinese)",04/10/20,N,N
42,2020-03-30,"Risk Factors Associated with Clinical Outcomes in 323 COVID-19 Patients in Wuhan, China",https://doi.org/10.1101/2020.03.25.20037721,medRxiv,OR 1.79 (95% CI: 1.11-2.88),1.11,2.88,,Significant,Not Adjusted,Calculated,,,,,,,,,Retrospective observational study,323,"Tianyou Hospital from January 8 to February 20, 2020",04/10/20,N,N
43,2020-03-30,Coronavirus Disease 2019 in elderly patients: characteristics and prognostic factors based on 4-week follow-up,https://doi.org/10.1016/j.jinf.2020.03.019,Journal of Infection,,,,,,,,HR 1.49,0.92,2.44,0.12,Not Significant,Not Adjusted,Extracted,,Prospective observational study,339,"age over 60 years old admitted to Renmin Hospital of Wuhan University from Jan 1 to Feb 6, 2020 (followed up until March 5)",04/10/20,N,N
44,2020-03-30,Prognostic factors for COVID-19 pneumonia progression to severe symptom based on the earlier clinical features: a retrospective analysis,http://doi.org/10.1101/2020.03.28.20045989,medRxiv,OR 8.41,2.96,23.89,<0.01,Significant,Not Adjusted,Calculated,,,,,,,,,Retrospective observational study,125,Only those with mild COVID-19 on admission w/length of stay >3 days and duration of infection > 7 days at Guangzhou Eighth People's Hospital from Jan 20-Feb 29.,04/10/20,N,N
45,2020-03-30,Prognostic factors for COVID-19 pneumonia progression to severe symptom based on the earlier clinical features: a retrospective analysis,http://doi.org/10.1101/2020.03.28.20045989,,OR 8.41,2.96,23.89,<0.01,Significant,Not Adjusted,Calculated,,,,,,,,,Retrospective observational study,125,"Guangzhou Eighth People’s Hospital from January 20 to February 29, 2020.",05/06/20,N,N
46,2020-03-30,"Suspected myocardial injury in patients with COVID-19: Evidence from front-line clinical observation in Wuhan, China",https://doi.org/10.1016/j.ijcard.2020.03.087,International Journal of Cardiology,OR 1.53,0.67,3.51,0.31,Not Significant,Not Adjusted,Calculated,,,,,,,,,Retrospective observational study,112,"Renmin Hospital of Wuhan Univeristy from  January 6 to February 20, 2020",05/06/20,N,N
47,2020-03-30,Development and external validation of a prognostic multivariable model on admission for hospitalized patients with COVID-19,https://doi.org/10.1101/2020.03.28.20045997,medRxiv,,,,,,,,OR 2.20,1.38,3.52,<0.01,Significant,Not Adjusted,Calculated,,Retrospective observational study,299,Tongji Hospital from Jan to Feb 2020,05/06/20,N,Y
48,2020-03-27,Radiographic Findings and other Predictors in Adults with Covid-19,https://doi.org/10.1101/2020.03.23.20041673,medRxiv,,,,,,,,OR 2.30,0.75,7.03,0.12,Not Significant,Not Adjusted,Extracted,,Retrospective observational study,102,"Tongji Hospital from January 31 to March 5, 2020",04/10/20,N,N
49,2020-03-27,"Lactate dehydrogenase, a Risk Factor of Severe COVID-19 Patients: A Retrospective and Observational Study",http://doi.org/10.1101/2020.03.24.20040162,medRxiv,OR 1.34,0.41,4.36,0.63,Not Significant,Not Adjusted,Calculated,,,,,,,,,Retrospective observational study,47,"Renmin Hospital of Wuhan University from February 1 to February 18, 2020 (followed up for 14 days)",04/10/20,N,N
50,2020-03-27,Predicting COVID-19 malignant progression with AI techniques,http://doi.org/10.1101/2020.03.20.20037325,medrxiv,OR 4.22,1.73,10.29,<0.01,Significant,Not Adjusted,Calculated,,,,,,,,,Retrospective observational study,133,"Wuhan Pulmonary Hospital from January 3 to February 13, 2024",05/06/20,N,N
51,2020-03-27,"Lactate dehydrogenase, a Risk Factor of Severe COVID-19 Patients: A Retrospective and Observational Study",http://doi.org/10.1101/2020.03.24.20040162,medRxiv,OR 1.34,0.41,4.36,0.63,Not Significant,Not Adjusted,Calculated,,,,,,,,,Retrospective observational study,47,"Renmin Hospital of Wuhan University from February 1 to February 18, 2020 (followed up for 14 days)",05/06/20,N,N
52,2020-03-26,Metabolic disturbances and inflammatory dysfunction predict severity of coronavirus disease 2019 (COVID-19): a retrospective study,https://doi.org/10.1101/2020.03.24.20042283,medRxiv,OR 8.93,2.66,2.9.98,<0.01,Significant,Not Adjusted,Calculated,,,,,,,,,Prospective observational study,97,"Renmin Hospital of Wuhan University Feb 9-28, 2020 followed up through March 10",04/10/20,N,N
53,2020-03-26,Acute kidney injury at early stage as a negative prognostic indicator of patients with COVID-19: a hospital-based retrospective analysis,https://doi.org/10.1101/2020.03.24.20042408,medRxiv,,,,,,,,,,,,,,,,Retrospective observational study,355,"Two hospitals: Union Hospital of Huazhong University of Science and Technology, in Wuhan city, Hubei Province, China from Jan 1,2020 to Jan 30, 2020. Second People’s Hospital of Fuyang City, in Anhui province, China from Jan 25, 2020 to Feb 20, 2020.",05/06/20,N,N
54,2020-03-24,"Myocardial injury is associated with in-hospital mortality of confirmed or suspected COVID-19 in Wuhan, China: A single center retrospective cohort study",https://doi.org/10.1101/2020.03.21.20040121,medRxiv,,,,,,,Hypertension,OR 1.32,0.37,4.73,0.67,Not Significant,Not Adjusted,Calculated,,Retrospective observational study,110,Patients from Wuhan No.1 Hospital from Dec 25th to Feb 15th.,04/10/20,N,N
55,2020-03-23,Prognostic value of C-reactive protein in patients with COVID-19,https://doi.org/10.1101/2020.03.21.20040360,medRxiv,,,,,,,,OR: 6.70,3.83,11.73,<0.001,Significant,Not Adjusted,Calculated,,Retrospective observational study,298,"Eastern Campus of Renmin Hospital of Wuhan University from Jan 30 to Feb 20, 2021",04/10/20,N,Y
56,2020-03-23,"Clinical Characteristics of Coronavirus Disease 2019 in Hainan, China [medrxiv]",https://doi.org/10.1101/2020.03.19.20038539,medRxiv,OR: 4.03,1.62,10.02,<0.01,Significant,Not Adjusted,Calculated,,,,,,,,,Retrospective observational study,168,Hainan province from 22 January 2020 to 14 March 2023,05/06/20,N,N
57,2020-03-23,"Clinical Characteristics of Coronavirus Disease 2019 in Hainan, China",https://doi.org/10.1101/2020.03.19.20038539,medRxiv,OR 4.03,1.62,10.02,<0.01,Significant,Not Adjusted,Calculated,,,,,,,,,Retrospective observational study,168,Hainan province from 22 January 2020 to 14 March 2020,05/06/20,N,N
58,2020-03-20,"Epidemiological, clinical characteristics of cases of SARS-CoV-2 infection with abnormal imaging findings",http://doi.org/10.1016/j.ijid.2020.03.040,International Journal of Infectious Diseases,OR 3.95,2.26,6.93,<0.01,Significant,Not Adjusted,Extracted,,,,,,,,,Retrospective observational study,645,"Zhejiang from  Jan 17 to Feb 8, 2020",05/06/20,N,N
59,2020-03-18,Host susceptibility to severe COVID-19 and establishment of a host risk score: findings of 487 cases outside Wuhan,https://www.ncbi.nlm.nih.gov/pmc/articles/PMC7081524/,Critical Care,OR 5.65,3.06,10.45,<0.01,Significant,Not Adjusted,Calculated,,,,,,,,,Retrospective observational study,487,"Zhejiang Province of China followed up until February 17, 2020",05/06/20,N,N
60,2020-03-17,Clinical characteristics and durations of hospitalized patients with COVID-19 in Beijing: a retrospective cohort study,https://doi.org/10.1101/2020.03.13.20035436,medRxiv,OR 4.08,1.27,13.1,0.02,Significant,Not Adjusted,Calculated,,,,,,,,,Retrospective observational study,77,Beijing YouAn Hospital from January 21 to February 8 2020,04/10/20,N,N
61,2020-03-17,"Incidence, clinical characteristics and prognostic factor of patients with COVID-19: a systematic review and meta-analysis",https://doi.org/10.1101/2020.03.17.20037572,medRxiv,OR 2.06,1.61,2.62,,Significant,Not Adjusted,Extracted,,,,,,,,Hypertension,Systematic review and meta-analysis,2511; 10 studies,"PubMed, Web of Science Core Collection, Embase, Cochrane and MedRxiv databases were searched through February 25, 2020.",04/10/20,N,N
62,2020-03-16,Systematic review and meta-analysis of predictive symptoms and comorbidities for severe COVID-19 infection,https://www.medrxiv.org/content/10.1101/2020.03.15.20035360v1.full.pdf,medRxiv,OR 1.97,1.4,2.77,<0.01,Significant,Not Adjusted,Extracted,,,,,,,,,Systematic review and meta-analysis,212; 3 studies,"MEDLINE, EMBASE and Global Health, from 1st January 2019 to 5th March 2020",04/10/20,N,N
63,2020-03-16,"Influence factors of death risk among COVID-19 patients in Wuhan, China: a hospital-based case-cohort study",https://doi.org/10.1101/2020.03.13.20035329,medRxiv,,,,,,,Hypertension,RR 1.80,0.94,3.43,0.07,Not Significant,Not Adjusted,Extracted,,Retrospective observational study,200,"Union Hospital of Huazhong University of Science and Technology from Jan 1 to Jan 30, 2020",04/10/20,N,N
64,2020-03-16,Systematic review and meta-analysis of predictive symptoms and comorbidities for severe COVID-19 infection,https://www.medrxiv.org/content/10.1101/2020.03.15.20035360v1.full.pdf,medRxiv,OR 3.65,2.22,5.99,<0.01,Significant,Not Adjusted,Extracted,,,,,,,,,Systematic review and meta-analysis,212; 7 studies,"MEDLINE, EMBASE and Global Health, from 1st January 2019 to 5th March 2020",04/13/20,Y,N
65,2020-03-16,"Influence factors of death risk among COVID-19 patients in Wuhan, China: a hospital-based case-cohort study",https://doi.org/10.1101/2020.03.13.20035329,medRxiv,,,,,,,,RR 1.80,0.94,3.43,0.07,Not Significant,Not Adjusted,Extracted,,Retrospective observational study,200,"Union Hospital of Huazhong University of Science and Technology from January 1 to January 30, 2020",05/06/20,N,N
66,2020-03-13,"Risk Factors Associated With Acute Respiratory Distress Syndrome and Death in Patients With Coronavirus Disease 2019 Pneumonia in Wuhan, China",https://doi.org/10.1001/jamainternmed.2020.0994,JAMA Internal Medicine,HR 1.82,1.13,1.95,0.01,Significant,Not Adjusted,Extracted,HR 1.70,0.92,3.14,0.09,Not Significant,Not Adjusted,Extracted,,Retrospective observational study,201,"Wuhan Jinyintan Hospital in China from December 25, 2019 to January 26, 2020 (followed up through February 13, 2020)",04/10/20,Y,N
67,2020-03-12,"Dysregulation of immune response in patients with COVID-19 in Wuhan, China | Clinical Infectious Diseases | Oxford Academic [Clinical Infectious Diseases]",https://academic.oup.com/cid/advance-article/doi/10.1093/cid/ciaa248/5803306,Clincial Infectious Diseases,OR 2.63,1.66,4.18,<0.01,Significant,Not Adjusted,Calculated,,,,,,,,,Retrospective observational study,452,"Tongji hospital from Jan 10 to Feb 12, 2020.",05/06/20,N,N
68,2020-03-12,"Clinical course and risk factors for mortality of adult inpatients with COVID-19 in Wuhan, China: a retrospective cohort study",http://doi.org/10.1016/s0140-6736(20)30566-3,Lancet,,,,,,,,OR: 3.05,1.57,5.92,<0.01,Significant,Not Adjusted,Calculated,,Retrospective observational study,191,"Jinyintan Hospital and Wuhan Pulmonary Hospital (Wuhan, China) who had been discharged or had died by Jan 31, 2020",05/06/20,N,Y
69,2020-03-12,Dysregulation of immune response in patients with COVID-19 in Wuhan China,https://doi.org/10.1093/cid/ciaa248,Clinical Infectious Diseases,OR 1.76,1.11,2.77,0.02,Significant,Not Adjusted,Calculated,,,,,,,,,Retrospective observational study,452,"Tongji hospital, from January 10 to February 12, 2020",05/06/20,N,N
70,2020-03-11,Prevalence and impact of cardiovascular metabolic diseases on COVID-19 in China,https://doi.org/10.1007/s00392-020-01626-9,Clinical Research in Cardiology,RR: 2.03,1.54,2.68,<0.01,Significant,Not Adjusted,Extracted,,,,,,,,,Systematic review and meta-analysis,1415; 4 studies,EMBASE and PubMed were searched from December 2019 to February 2020,05/06/20,N,N
71,2020-03-10,Prognostic value of NT-proBNP in patients with severe COVID-19,https://doi.org/10.1101/2020.03.07.20031575,Respiratory Research,,,,,,,,HR 4.04,1.6,10.2,<0.01,Significant,Not Adjusted,Extracted,,Prospective observational study,54,Hubei General Hospital (followed for 15 days),04/10/20,N,N
72,2020-03-09,"Clinical course and risk factors for mortality of adult inpatients with COVID-19 in Wuhan, China: a retrospective cohort study",https://www.ncbi.nlm.nih.gov/pubmed/32171076,Lancet,,,,,,,,OR 3.05,1.57,5.92,<0.01,Significant,Not Adjusted,Calculated,,Retrospective observational study,191,"Only those who either died or were discharged, at Jinyintan Hospital or Wuhan Pulmonary Hospital through Jan 31, excluding those still hospitalized on Jan 31",04/10/20,N,Y
73,2020-03-06,Analysis of myocardial injury in patients with COVID-19 and association between concomitant cardiovascular diseases and severity of COVID-24,https://www.ncbi.nlm.nih.gov/pubmed/32141280,Chinese Journal of Cardiovascular Diseases,AOR 2.59,0.61,10.98,0.2,Not Significant,Adjusted,Extracted,,,,,,,,"age, gender, history of heart disease, N-terminal pro-B-type natriuretic peptide, cardiac troponin I, hypersensitive C-reactive protein",Cross-sectional study,150,"Tongji Hospital, excluding those with acute myocardial infarction",04/10/20,N,N
74,2020-03-06,Analysis of myocardial injury in patients with COVID-19 and association between concomitant cardiovascular diseases and severity of COVID-20,https://www.ncbi.nlm.nih.gov/pubmed/32141280,Chinese Journal of Cardiovascular Diseases,OR 3.64,1.48,8.96,<0.01,Significant,Not Adjusted,Extracted,,,,,,,,,Cross-sectional study,150,"Tongji Hospital, excluding those with acute myocardial infarction",04/10/20,N,N
75,2020-03-06,"Epidemiological and clinical features of 291 cases with coronavirus disease 2019 in areas adjacent to Hubei, China: a double-center observational study [medrxiv]",https://doi.org/10.1101/2020.03.03.20030357,medRxiv,OR 6.77,3.26,14.1,<0.01,Significant,Not Adjusted,Calculated,,,,,,,,,Retrospective observational study,291,"First Hospital of Changsha and Loudi Central Hospital from January 23 to February 14, 2020, followed up to Feb 20, 2024",05/06/20,N,N
76,2020-03-06,"Epidemiological and clinical features of 291 cases with coronavirus disease 2019 in areas adjacent to Hubei, China: a double-center observational study",https://doi.org/10.1101/2020.03.03.20030353,medRxiv,OR 6.78,3.26,14.08,<0.01,Significant,Not Adjusted,Calculated,,,,,,,,,Retrospective observational study,291,"First Hospital of Changsha and Loudi Central Hospital from January 23 to February 14, 2020, followed up to Feb 20, 2020",05/06/20,N,N
77,2020-03-05,Prevalence of comorbidities in the novel Wuhan coronavirus (COVID-19) infection: a systematic review and meta-analysis,https://www.ncbi.nlm.nih.gov/pubmed/32173574,International Journal of Infectious Diseases,OR 2.36,1.46,3.83,,Significant,Not Adjusted,Extracted,,,,,,,,,Systematic review and meta-analysis,"1138, 4 studies","PubMed, EMBASE, and Web of Science published between Jan 1 and Feb 25 2020",04/10/20,N,N
78,2020-03-04,"Clinical Features of Patients Infected with the 2019 Novel Coronavirus (COVID-19) in Shanghai, China",https://doi.org/10.1101/2020.03.04.20030395,medRxiv,OR 1.83,0.65,5.16,0.25,Not Significant,Not Adjusted,Calculated,,,,,,,,,Cross-sectional study,198,Shanghai Public Health Clinical Centre from January 20 up to February 15,04/10/20,Y,N
79,2020-03-03,"Clinical findings in critically ill patients infected with SARS-CoV-2 in Guangdong Province, China: a multi-center, retrospective, observational study",https://doi.org/10.1101/2020.03.03.20030668,medRxiv,OR 1.83,0.56,6.03,0.32,Not Significant,Not Adjusted,Calculated,,,,,,,,,Retrospective observational study,45,ICU admissions of 7 hospitals in Guangdong Province,04/10/20,Y,N
80,2020-03-03,Detectable serum SARS-CoV-2 viral load (RNAaemia) is closely associated with drastically elevated interleukin 6 (IL-6) level in critically ill COVID-19 patients,http://doi.org/10.1101/2020.02.29.20029520,medRxiv,OR 4.36,1.22,15.64,0.02,Significant,Not Adjusted,Calculated,,,,,,,,,Prospective observational study,48,"General Hospital of Central Theater Command from February 1 to February 19, 2020",04/10/20,Y,N
81,2020-03-03,Detectable serum SARS-CoV-2 viral load (RNAaemia) is closely associated with drastically elevated interleukin 6 (IL-6) level in critically ill COVID-19 patients,http://doi.org/10.1101/2020.02.29.20029520,medRxiv,OR 4.25,1.25,14.5,0.02,Significant,Not Adjusted,Calculated,,,,,,,,,Prospective observational study,48,"General Hospital of Central Theater Command from February 1 to February 19, 2020",04/10/20,N,N
82,2020-03-03,Epidemiological and clinical features of 2019-nCoV acute respiratory disease cases in Chongqing municipality China: a retrospective descriptive multiple-center study,https://doi.org/10.1101/2020.03.01.20029397,medRxiv,OR 10.54,3.94,28.17,<0.01,Significant,Not Adjusted,Calculated,,,,,,,,,Retrospective observational study,267,"Qianjiang central hospital of Chongqing, Chongqing three gorges central hospital and Chongqing public health medical center from January 19 to February 16, 2023",05/06/20,N,N
83,2020-03-02,"Clinical features and outcomes of 221 patients with COVID-19 in Wuhan, China",https://doi.org/10.1101/2020.03.02.20030452,medRxiv,OR 4.42,2.27,8.61,<0.01,Significant,Not Adjusted,Calculated,,,,,,,,,Retrospective observational study,221,"Zhongnan Hospital of Wuhan University,  from January 2 to February 10, 2020 (followed-up through Feb 15)",04/10/20,N,N
84,2020-03-02,"Clinical Characteristics of Patients with Severe Pneumonia Caused by the 2019 Novel Coronavirus in Wuhan, China",https://doi.org/10.1101/2020.03.02.20029306,medRxiv,OR 5.22,1.96,13.92,<0.01,Significant,Not Adjusted,Calculated,,,,,,,,,Cross-sectional study,110,"respiratory ICU admissions of Central Hospital of Wuhan from Jan 1-Feb 10, 2020",04/10/20,N,N
85,2020-02-28,Clinical Characteristics of Coronavirus Disease 2019 in China,https://www.ncbi.nlm.nih.gov/pubmed/32109013/,New England Journal of Medicine,OR 3.53,2.08,5.99,<0.01,Significant,Not Adjusted,Calculated,,,,,,,,,Retrospective observational study,1099,"552 hospitals in China between Dec 11, 2020 to Jan 29, 2020",04/10/20,Y,N
86,2020-02-28,Clinical Characteristics of Coronavirus Disease 2019 in China,https://www.ncbi.nlm.nih.gov/pubmed/32109013/,New England Journal of Medicine,OR 2.01,1.35,2.99,<0.01,Significant,Not Adjusted,Calculated,,,,,,,,,Retrospective observational study,1099,"552 hospitals in China between Dec 11, 2020 to Jan 29, 2020",04/10/20,N,N
87,2020-02-28,Impact of complicated myocardial injury on the clinical outcome of severe or critically ill COVID-19 patients [Zhonghua xin xue guan bing za zhi],https://www.ncbi.nlm.nih.gov/pubmed/32171190,Zhonghua Xin Xue Guan Bing Za Zhi.,,,,,,,,OR 1.14,0.39,3.35,0.81,Not Significant,Not Adjusted,Calculated,,Retrospective observational study,54,"Sino-French New City Hospital of Tongji Hospital from February 3, 2020 to February 24, 2020",05/06/20,N,N
88,2020-02-28,Prognostic impact of severe / critically severe new coronavirus pneumonia patients with myocardial injury,https://doi.org/10.3760/cma.j.cn112148-20200228-00137,Zhonghua xin xue guan bing za zhi,,,,,,,,OR 1.08,0.41,2.87,0.87,Not Significant,Not Adjusted,Calculated,,Retrospective observational study,54,"Tongji Hospital, Tongji Medical College, Huazhong University of Science and Technology from February 3 to February 24, 2020",05/06/20,N,N
89,2020-02-27,"Comorbidity and its impact on 1,590 patients with COVID-19 in China: A Nationwide Analysis [medrxiv]",https://doi.org/10.1101/2020.02.25.20027664,medRxiv,HR 1.58,1.07,2.32,0.02,Significant,Not Adjusted,Extracted,,,,,,,,,Retrospective observational study,1590,"575 hospitals in China, from  November 21st, 2019 to January 31st, 2020",04/10/20,Y,N
90,2020-02-27,"Clinical characteristics of 140 patients infected by SARS-CoV-2 in Wuhan, China",https://doi.org/10.1111/all.14238,Allergy,OR 1.89,0.91,3.94,0.09,Not Significant,Not Adjusted,Calculated,,,,,,,,,Cross-sectional study,140,"No. 7 Hospital in Wuhan from January 16 to February 3, 2020",04/10/20,N,N
91,2020-02-25,"Neurological Manifestations of Hospitalized Patients with COVID-19 in Wuhan, China: a retrospective case series study",https://doi.org/10.1101/2020.02.22.20026500,medRxiv,OR .322,1.67,6.18,<0.01,Significant,Not Adjusted,Calculated,,,,,,,,,Case series,214,Union Hospital of Huazhong University of Science and Technology in Wuhan from 16 January to 19 February 2020,04/10/20,N,N
92,2020-02-23,"SARS-CoV-2 infection does not significantly cause acute renal injury: an analysis of 116 hospitalized patients with COVID-19 in a single hospital, Wuhan, China",https://doi.org/10.1101/2020.02.19.20025288,medRxiv,OR 1.47,0.42,5.14,0.55,Not Significant,Not Adjusted,Calculated,,,,,,,,,Retrospective observational study,116,"Renmin Hospital of Wuhan University from January 14 to February 13, 2020",05/06/20,Y,N
93,2020-02-23,"SARS-CoV-2 infection does not significantly cause acute renal injury: an analysis of 116 hospitalized patients with COVID-19 in a single hospital, Wuhan, China",https://doi.org/10.1101/2020.02.19.20025288,medRxiv,OR 0.85,0.4,1.8,0.67,Not Significant,Not Adjusted,Calculated,,,,,,,,,Retrospective observational study,116,"Renmin Hospital of Wuhan University from January 14 to February 13, 2020",05/06/20,N,N
94,2020-02-23,ACP risk grade: a simple mortality index for patients with confirmed or suspected severe acute respiratory syndrome coronavirus 2 disease (COVID-19) during the early stage of outbreak in Wuhan China,https://doi.org/10.1101/2020.02.20.20025510,medRxiv,OR 1.58,0.93,2.69,0.09,Not Significant,Not Adjusted,Calculated,,,,,,,,,Retrospective observational study,577,"Wuhan Hankou Hospital from Jan 21 to Feb 5, 2020",05/06/20,N,N
95,2020-02-23,Early Prediction of Disease Progression in 2019 Novel Coronavirus Pneumonia Patients Outside Wuhan with CT and Clinical Characteristics [medrxiv],https://doi.org/10.1101/2020.02.19.20025296,medRxiv,OR 4.93,1.54,15.82,0.01,Significant,Not Adjusted,Calculated,,,,,,,,,Retrospective observational study,224,"Third Xiangya Hospital, Changsha Public Health Treatment Center, and Second People’s Hospital of Hunan between January 17, 2020 and February 1, 2020",05/06/20,N,N
96,2020-02-20,Clinical features and progression of acute respiratory distress syndrome in coronavirus disease 2019,https://doi.org/10.1101/2020.02.17.20024166,medRxiv,OR 1.64,0.74,3.65,0.22,Not Significant,Not Adjusted,Calculated,,,,,,,,,Retrospective observational study,109,"Central Hospital of Wuhan between January 2 and February 1, 2020",05/06/20,Y,N
97,2020-02-12,Neutrophil-to-Lymphocyte Ratio Predicts Severe Illness Patients with 2019 Novel Coronavirus in the Early Stage,https://doi.org/10.1101/2020.02.10.20021584,medRxiv,OR 3.45,0.93,12.88,0.06,Not Significant,Not Adjusted,Calculated,,,,,,,,,Prospective observational study,61,"Beijing Ditan Hospital from January 13, 2020 to January 31, 2020",04/10/20,Y,N
98,2020-02-09,Clinical characteristics of 2019 novel coronavirus infection in China,https://doi.org/10.1101/2020.02.06.20020974,New England Journal of Medicine,OR 2.03,1.36,3.02,<0.01,Significant,Not Adjusted,Calculated,,,,,,,,,Retrospective observational study,1099,"552 hospitals in China between Dec 11, 2020 to Jan 29, 2020",05/06/20,N,N
99,2020-02-07,"Clinical Characteristics of 138 Hospitalized Patients With 2019 Novel Coronavirus-Infected Pneumonia in Wuhan, China",https://www.ncbi.nlm.nih.gov/pubmed/32031570,JAMA,OR 5.09,2.26,11.48,<0.01,Significant,Not Adjusted,Calculated,,,,,,,,,Case series,138,"Zhongnan Hospital of Wuhan University from January 1 to January 28, 2020 (followed up through February 3)",04/10/20,Y,N
