,Date,Study,Study Link,Journal,Results,Measure of Evidence Strength,Study Type,Sample (n),Study Population,Sample Text,Matches,Entry
,2020-11-30,Can developing countries face novel coronavirus outbreak alone? The Iraqi situation,https://doi.org/10.1016/j.puhip.2020.100004,Public Health in Practice,,,Other,145369,"The first case of COVID-19 in Iraq was detected on Feb 24, 2020 in Al-Najaf city, south of Baghdad.","Globally, there are a total of 145,369 cases with 5429 total deaths .","To protect healthcare workers inside a quarantine room, the WHO recommends the use of personal protective equipment (PPE) including facemasks, gloves, goggles/face shields, and gowns in addition to disposable equipment if possible (e.g.",2020-05-12
,2020-05-31,Approaches to the management of patients in oral and maxillofacial surgery during COVID-19 pandemic,https://doi.org/10.1016/j.jcms.2020.03.011,Journal of Cranio-Maxillofacial Surgery,,,Other,,"The following electronic bibliographic databases were used to identify relevant scientific literature: MEDLINE, EMBASE, CINAHL, ScienceDirect, and the Google search engine.",Patients of any age and gender were considered.,"The medical staff must use personal protective equipment based on the risk of infection and type of activity.

When surgery is performed on COVID-19 patients, adequate personal protective equipment is crucial.",2020-05-12
,2020-05-08,Travel/Tropical Medicine and Pandemic Considerations for the Global Surgeon,https://doi.org/10.1016/j.coms.2020.05.001,Oral and Maxillofacial Surgery Clinics of North America,,,Other,1000000,"At the end of 2019, another acute respiratory syndrome was described in Wuhan, a city in the Hubei Province of China .","By May 2020, over 1 million cases have been identified on 6 continents with over 100,000 deaths .","As such, personal protective equipment (PPE) is paramount for the prevention of disease in both health care workers and their patients .",2020-05-12
,2020-05-08,The current understanding and potential therapeutic options to combat COVID-19,https://doi.org/10.1016/j.lfs.2020.117765,Life Sciences,,,Other,5,"By Jan 2, 2020, SARS-CoV2 complications were studied in a case series on initially hospitalized 41 COVID-19 confirmed patients.","All the patients were symptomless, became stable and 3 out of 5 patients were discharged too (130) .","Healthcare personnel must use the personal protective equipment (PPE) such as N95 or FFP2 standard masks, gowns, gloves, eye protection shields to protect themselves, patients, and others when providing the care .",2020-05-12
,2020-05-07,Application of fluorescence method in the process of personal protective equipment removal,https://doi.org/10.1016/j.ajic.2020.04.023,American Journal of Infection Control,,,Modeling,1000000,Forty-six frontline staffs from non-medical systems were selected to carry out the pollutant simulation test.,"To the editor, More than 1.2 million cases of Coronavirus disease 2019 (COVID-19) had been confirmed worldwide as of April 6, 2020.",Proper wear and removal of personal protective equipment (PPE) becomes a critical measure to ensure the safety of frontline personnel.,2020-05-12
,2020-05-05,Drone delivery of AED's and personal protective equipment in the era of SARS-CoV-2,https://doi.org/10.1016/j.resuscitation.2020.04.038,Resuscitation,,,Other,,"Drones were sent on 18 flights to locations where OHCAs within a 10-km radius from the fire station had historically occurred, with a median flight distance of 3.2 km.","Drones were sent on 18 flights to locations where OHCAs within a 10-km radius from the fire station had historically occurred, with a median flight distance of 3.2 km.",Studies have demonstrated the capability of drones to carry medical equipment and personal protective equipment (PPE) like gloves and facemasks to the site of an emergency.,2020-05-12
,2020-05-04,In-store epidemic behavior: scale development and validation,https://doi.org/,ArXiv,,,Other,362,"On the basis of data from the first qualitative study, exploratory and then confirmatory factor analysis was conducted.","The questionnaire included 362 women (62.16%) and 214 men (36.64%), and the average age of the respondents was almost 41 years (SD = 13.72).",An example of such an area is the use of personal protective equipment such as masks or gloves.,2020-05-12
,2020-05-04,Practical recommendations for the perioperative management of patients with suspicion or serious infection by coronavirus SARS-CoV,https://doi.org/10.1016/j.redare.2020.03.002,Revista Española de Anestesiología y Reanimación (English Edition),,,Other,,"Abstract In December 2019, the Wuhan Municipal Health and health Commission (Hubei Province, China) reported a series of cases of pneumonia of unknown aetiology.","In clinical trials in animals infected with MERS-CoV, both viraemia and lung damage were significantly reduced compared to controls A randomised controlled clinical trial is currently underway to evaluate its efficacy and safety in these patients.","The protection of medical personnel is a priority, and they must be given adequate personal protective equipment (PPE) and be trained in donning and doffing techniques.

The protection of medical personnel is a priority, and they must be given adequate personal protective equipment and be trained in donning and doffing techniques.

Patients must wear a surgical mask during transfer The operating room should be equipped with absolute filtration or HEPA The same recommendations on limiting staff numbers and using protective measures are applicable to patient care in other hospital areas The protection of medical personnel is a priority, and they must be given adequate personal protective equipment and be trained in donning and doffing techniques.",2020-05-12
,2020-05-02,Letter: Considerations for Performing Emergent Neurointerventional Procedures in a COVID-19 Environment,https://www.ncbi.nlm.nih.gov/pmc/articles/PMC7197580/,Neurosurgery,,,Other,,"An anteroom serves as a gateway from the COVID-designated NIR suite to the halls, preventing infectious particulate matter from reaching the halls.","12 If a facility has 2 NIR suites, one should become the designated suite for COVID+/PUI patients and the other for documented COVID-19-negative patients.","4 Care of such patients should be performed with maximal personal protective equipment (PPE), including N95 masks.",2020-05-12
,2020-04-30,Health policy and technology challenges in responding to the COVID-19 pandemic,https://doi.org/10.1016/j.hlpt.2020.04.011,Health Policy and Technology,,,Other,I,in Central Park in New York City.,Several vaccines are already in phase I clinical trials in healthy volunteers .,"Personal protective equipment (PPE: masks, gowns, gloves and eye protection) for health professionals should be of high quality, be personalised for fit, and be changed between patients.",2020-05-12
,2020-04-28,Association of Personal Protective Equipment Use with Successful Protection Against COVID-19 Infection Among Health Care Workers,https://doi.org/10.1101/2020.04.24.20070169,medrxiv,,,Other,,"/2020 42,600 HCWs from other provinces were successively dispatched to work in major hospitals in Hubei province since January 24, 2020.",Our laboratory testing confirmed that none of the 142 HCWs who were dispatched to work in Wuhan and 284 HCWs who remained in Hefei were infected by SARS-CoV-2.,Use of personal protective equipment (PPE) in health care workplace is recommended as a high priority.,2020-05-01
,2020-04-28,COVID-19 polymerase chain reaction testing before endoscopy: an economic analysis,https://doi.org/10.1016/j.gie.2020.04.049,Gastrointestinal Endoscopy,,,Modeling,4700,"The presumed prevalence of COVID-19 was calculated from reports from Duval County, Florida on April 2, 2020.","False negative results were seen after testing 4,700 patients (or 3 months applying Strategy 2 in our practice).",High-risk personal protective equipment (PPE) and decontamination after procedure is used for each emergent/urgent endoscopy.,2020-05-01
,2020-04-27,Management in oral and maxillofacial surgery during the COVID-19 pandemic: Our experience,https://doi.org/10.1016/j.bjoms.2020.04.025,British Journal of Oral and Maxillofacial Surgery,,,Other,33,"From February 29 to April 16, 2020 the medical schedules of all patients hospitalized in the Maxillofacial Unit of ""Magna Graecia"" University of Catanzaro have been collected.","A total of 33 patients were included in this study; 24 were males and 9 females with a man to female ratio of 2,6:1.","Healthcare staff used Personal protective equipment (PPE): N95 or FFP2 mask, eye protection, fluid-resistant gown, and surgical gloves.",2020-05-01
,2020-04-24,Presymptomatic SARS-CoV-2 Infections and Transmission in a Skilled Nursing Facility,https://www.ncbi.nlm.nih.gov/pmc/articles/PMC7200056/,N Engl J Med,,,Other,9,"Similarly, doubling time was estimated for all residents of King County, using case count data reported through the PHSKC Covid-19 data dashboard.",Sequencing results for 39 positive primary specimens from 34 residents and resulted in nine closelyrelated sequences with 1 to 4 nucleotide (NT) difference compared to each other (Supplementary Table S5 ).,PPE denotes personal protective equipment.,2020-05-12
,2020-04-24,Adapting urology residency training in the COVID-19 era,https://doi.org/10.1016/j.urology.2020.04.065,Urology,,,Modeling,,IYK receives research support from US Department of Defense (W81XWH-17-1-0359) EAS receives research support from Astellas/Medivation.,IYK receives research support from US Department of Defense (W81XWH-17-1-0359) EAS receives research support from Astellas/Medivation.,Access to personal protective equipment and COVID-19 testing,2020-05-12
,2020-04-23,Obstetricians on the Coronavirus Disease 2019 (COVID-19) Front Lines and the Confusing World of Personal Protective Equipment,https://www.ncbi.nlm.nih.gov/pmc/articles/PMC7188024/,Obstet Gynecol,,,Systematic review,215,"Published by Wolters Kluwer Health, Inc.","Among 215 women admitted for delivery at two hospitals in New York City, 29 of the 33 (88%) who tested positive for SARS-CoV-2 were asymptomatic at presentation (Sutton D, Fuchs K, D'Alton M, Goffman D. Universal screening for SARS-CoV-2 in women admitted for delivery [letter] .","39 The key for obstetricians is to be familiar with whatever personal protective equipment is stocked by their labor and delivery unit, to train using that personal protective equipment, and to use personal protective equipment correctly and consistently (including donning and doffing).

Use of personal protective equipment is a fundamental strategy for protection of health care workers.

Although adherence to infection-control procedures is important, published and anecdotal evidence suggests that health care professionals, including obstetricians, have opportunities for improvement.39 The key for obstetricians is to be familiar with whatever personal protective equipment is stocked by their labor and delivery unit, to train using that personal protective equipment, and to use personal protective equipment correctly and consistently (including donning and doffing).",2020-05-12
,2020-04-23,Novel coronavirus SARS-CoV-2 and COVID-19. Practice recommendations for obstetric anaesthesia: what we have learned thus far,https://doi.org/10.1016/j.ijoa.2020.04.006,International Journal of Obstetric Anesthesia,,,Other,3,"Three patients recovered and were discharged without further complications, but 10 patients suffered complications of pregnancy.","Three patients recovered and were discharged without further complications, but 10 patients suffered complications of pregnancy.",Personal protective equipment (PPE) is specialised clothing or equipment worn by healthcare workers for their protection and to help prevent the spread of infection between patients.,2020-05-01
,2020-04-23,COVID-19 in the endoscopy ward: A potential risk for gastroenterologists,https://www.ncbi.nlm.nih.gov/pmc/articles/PMC7200836/,PMC,,,Other,2035299,"We distributed a questionnaire to all gastrointestinal wards in Iran, and we received responses from ~480 gastroenterologists by March 26, 2020.","As of April 15, 2020, it involved 2,035,299 cases globally, of whom 130,712 died.","Personal protection equipment (PPE) is crucial for preventing exposure to the virus.

6, 7 Personal protection equipment (PPE) is crucial for preventing exposure to the virus.",2020-05-12
,2020-04-22,COVID-19 Pandemic: Survey of future use of personal protective equipment in optometric practice,https://doi.org/10.1016/j.clae.2020.04.006,Contact Lens and Anterior Eye,,,Other,,"The World Health Organisation (WHO) declared the rapid spread of cases of COVID-19 a pandemic on 11 th March, 2020.",Around one third of them planned on using additional personal protective equipment beyond these -p steps.,"Mask or glove wear or other personal protective equipment when attending to potentially asymptomatic COVID-19 patients was not explicitly recommended, especially as there was a shortage of personal protective equipment.

The results also reflect the uncertainty of eye care practitioners in proper use of personal protective equipment in the COVID-19 pandemic.",2020-04-24
,2020-04-21,"COVID-19 outbreak control, example of ministry of health of Turkey",https://www.ncbi.nlm.nih.gov/pmc/articles/PMC7195985/,Turk J Med Sci,,,Other,59,"On January 9, 2020, the first COVID-19-related death reported from China.","Since it was reported by WHO on January 5, 2020 that 59 suspicious cases were detected between December 31, 2019-January 5, 2020 in the People's Republic of China the disease has been followed up by GDPH in our country.","In addition, personal protective equipment such as gloves, medical and respiratory masks, gowns, goggles/face protectors are produced in our country.",2020-05-12
,2020-04-16,A Laboratory Risk Assessment during the Coronavirus (COVID-19) Pandemic,https://www.ncbi.nlm.nih.gov/pmc/articles/PMC7184397/,J Appl Lab Med,,,Other,,Resources for conducting a laboratory risk assessment are available from the Association of Public Health Laboratories (APHL) and from CLSI M29 A4.,"What we have learned from our past experience with Influenza, SARS, MERS, and Ebola will assist us in better protecting our staff and our patients through this and future challenges.","Standard Precautions include hand hygiene, the use of personal protective equipment (PPE), such as laboratory coats or gowns, gloves and eye protection.",2020-05-12
,2020-04-16,New preventative measures against coronavirus disease 2019 for home care aides in Taiwan,https://www.ncbi.nlm.nih.gov/pmc/articles/PMC7184386/,J Gerontol A Biol Sci Med Sci,,,Other,,HCAs can obtain information on the changing health status of care recipients by following up on their health outcomes 6 .,"At the beginning of the epidemic, regular education and training seminars were held on dealing with COVID-19.","Personal protective equipment including surgical masks, gloves, gowns, and eye protection were also supplied.",2020-05-12
,2020-04-15,Epidemics and primary care in the UK,https://www.ncbi.nlm.nih.gov/pmc/articles/PMC7199919/,Fam Med Community Health,,,Other,0,"However, some gaps were identified which included the lack of a national and up-to-date database of identified cases and the protection of staff handling samples in the reference laboratory.","As part of the NHS Long Term Plan 2019, GP practices now sit within Primary Care Networks (PCNs), which serve populations of between 30 000 and 50 000 patients.",Healthcare professionals in primary care are donning personal protective equipment (PPE) as standard practice.,2020-05-12
,2020-04-15,Social network-based distancing strategies to flatten the COVID 19 curve in a post-lockdown world,https://doi.org/,ArXiv,,,Modeling,,"Panels A to D illustrate the successive, targeted contact reduction strategies, while the bar-graph depicts the distribution of distances of all individuals from one of the two highlighted infection sources.","Panels A and C depict two networks with different path lengths, each with one hypothetically infected COVID-19 seed node (purple square).",Evidence regarding the effectiveness of masks and personal protective equipment for the general public is mixed .,2020-05-01
,2020-04-14,COVID-19 Global Pandemic Planning: Decontamination and Reuse Processes for N95 Respirators,https://doi.org/10.1101/2020.04.09.20060129,medrxiv,,,Other,2,"In preparation for a probable shortage of PPE at our study sites in Kenya, and a possible shortage in the US (including UNM), we began investigating methods for decontaminating of FFRs in late February 2020.","Neither of the two studies, however, examined organism killing as part of the experimental paradigm.","Healthcare providers are at an increased risk for contracting the disease due to occupational exposure and require appropriate personal protective equipment (PPE), including N95 respirators.",2020-04-17
,2020-04-13,Development of a protective device for RT-PCR testing SARS-CoV-2 in COVID-19 patients,https://www.ncbi.nlm.nih.gov/pmc/articles/PMC7170917/,PMC,,,Other,,"To the Editor-In December 2019, the novel coronavirus SARS-CoV-2 emerged in Wuhan City, Hubei Province, China, and has now spread worldwide.","On March 14, 2020, we developed a protective box (product name, Star Ball Shield) to be used in patients with suspected COVID-19 during clinical examinations or performance of RT-PCR in collaboration with Star Ball Company, Kitakyushu City, Japan ( Figure 1 ).","Therefore, HCWs are required to wear personal protective equipment (PPE) for each examination and procedure.",2020-04-24
,2020-04-11,Thoracic Anesthesia of Patients with Suspected or Confirmed 2019 Novel Coronavirus Infection: Preliminary Recommendations for Airway Management by the EACTA Thoracic Subspecialty Committee,https://doi.org/10.1053/j.jvca.2020.03.059,Journal of Cardiothoracic and Vascular Anesthesia,,,Other,17,Most of these recommendations are in the context of intensive care management or the surgical setting including emergency surgical cases and those presenting for specific disciplines like Cesarean delivery (in 17 cases).,Most of these recommendations are in the context of intensive care management or the surgical setting including emergency surgical cases and those presenting for specific disciplines like Cesarean delivery (in 17 cases).,-The level of Personal Protection Equipment (PPE) should be increased (e.g.,2020-04-17
,2020-04-11,Radiology Residency Preparedness and Response to the COVID-19 Pandemic,https://doi.org/10.1016/j.acra.2020.04.001,Academic Radiology,,,Other,500,"The RRC also offers guidelines for ESIR programs, which may prove useful in advising those residents who are anticipated to fall short of completion of the 500 IR cases needed before graduation from DR residency.","The RRC also offers guidelines for ESIR programs, which may prove useful in advising those residents who are anticipated to fall short of completion of the 500 IR cases needed before graduation from DR residency.","Refreshing knowledge of infection protection, such as donning and doffing of personal protective equipment (PPE) and hand washing technique, is recommended.",2020-04-17
,2020-04-10,First known person-to-person transmission of severe acute respiratory syndrome coronavirus 2 (SARS-CoV-2) in the USA,https://doi.org/10.1016/s0140-6736(20)30607-3,The Lancet,,,Other,34,Methods Patients with confirmed COVID-19 were defined as those with a positive SARS-CoV-2 test.,"We found 34 articles, of which 13 were primary reports of person-to-person transmission.",Facemasks or other personal protective equipment (PPE) were not used at the home.,2020-04-10
,2020-04-10,Recommendations for protecting against and mitigating the COVID-19 pandemic in long-term care facilities,https://doi.org/10.1016/j.jmii.2020.04.003,"Journal of Microbiology, Immunology and Infection",,,Other,,"Based on lessons learned from SARS 2003, Taiwan developed the enhanced traffic control bundling (eTCB) model to contain the SARS-CoV-2's spread.","14, 16 Enhanced TCB evolved from TCB (Traffic Control Bundling) which focuses on protecting HCWs and patients in hospitals.","8, 14 Allocating epidemic/pandemic prevention equipment LTCFs must ensure that they are adequately supplied with personal protective equipment (PPE) including masks, gloves and alcohol-based disinfectant.",2020-05-12
,2020-04-09,Preparing IR for COVID-19: The Singapore Experience,https://doi.org/10.1016/j.jvir.2020.03.021,Journal of Vascular and Interventional Radiology,,,Other,,Nonurgent procedures in patients suspected of infection or patients with confirmed COVID-19 infection are deferred until patients can be deisolated .,Nonurgent procedures in patients suspected of infection or patients with confirmed COVID-19 infection are deferred until patients can be deisolated (21) .,Enhanced personal protection equipment (PPE) is calibrated to the risk level.,2020-04-17
,2020-04-08,"Diarrhea during COVID-19 infection: pathogenesis, epidemiology, prevention and management",https://doi.org/10.1016/j.cgh.2020.04.001,Clinical Gastroenterology and Hepatology,,,Case series,83,"Methods We searched on PubMed, EMBASE, and Web of Science up to March 2020 to identify studies documenting diarrhea and mechansism of intestinal inflammation in patients with confirmed diagnosis of SARS-CoV-2 infection.","One hundred eighty-three patients were included, and diarrhea was detected in 68 cases (37.1%).","Personal protective equipment (PPE) including gloves, goggles, gowns, and respiratory protective devices should be adopted by healthcare professionals of the endoscopy units to avoid spreading the virus (Table 3) 46 .",2020-04-10
,2020-04-08,Disinfection of N95 respirators by ionized hydrogen peroxide during pandemic coronavirus disease 2019 (COVID-19) due to SARS-CoV-2,https://doi.org/10.1016/j.jhin.2020.04.003,Journal of Hospital Infection,,,Other,,"Therefore, we attempted to disinfect N95 respirators using SteraMist Binary Ionization Technology solution delivered through a SteraMist Surface Unit, registered with the US Environmental Protection Agency .","10,000 TCID 50 , 1000 TCID 50 and 100 TCID 50 per spot).","However, limited supply of personal protective equipment (PPE), especially N95 respirators, remains a great challenge.",2020-05-12
,2020-04-06,Head and neck oncology during the COVID-19 pandemic: Reconsidering traditional treatment paradigms in light of new surgical and other multilevel risks,https://doi.org/10.1016/j.oraloncology.2020.104684,Oral Oncology,,,Other,18,"In a recent nationwide study of COVID-19 patients in China, patients with a history of cancer were more likely to become infected with COVID-19.","The 18 such COVID-19-positive patients with a history of cancer were more likely to require invasive ventilation with ICU admission or die (39%,",PAPR: powered air-purifying respirator; PPE: personal protective equipment,2020-04-10
,2020-04-05,Analytical Validation of a COVID-19 qRT-PCR Detection Assay Using a 384-well Format and Three Extraction Methods,https://doi.org/10.1101/2020.04.02.022186,biorxiv,,,Other,4,Sample N1 Avg_Ct_10 Avg_Ct_20 N2 Avg_Ct_10 RP Avg_Ct_20 Avg_Ct_10 Avg_Ct_20,"One aliquot each of four clinical samples (two positive, two negative) and three separate aliquots of a synthetic positive control with 200 viral copies per microliter (EDx_200) were extracted with Qiagen viral RNA reagents (one of the CDC-approved extraction methods); all unique extractions were run in PCR replicate (n=8 clinical replicates, 6 synthetic replicates).","Personal protective equipment for RNA extraction include gloves, gowns and eye protection.",2020-04-10
,2020-04-04,Emergency management of nursing human resources and supplies to respond to coronavirus disease 2019 epidemic,https://doi.org/10.1016/j.ijnss.2020.03.011,International Journal of Nursing Sciences,,,Other,4,"This situation resulted in a shortage of protective materials in various grades of hospitals in Wuhan, the entire Hubei Province, and even the whole of China.","Based on the daily number of patients in the fever outpatient clinics and the patients in the isolation ward, the first echelon of 150 nurses was dispatched to the fever outpatient clinic and the isolation ward in the main area of the hospital, 45 nurses in the fever outpatient clinics with an average of 600 patient visits daily, 105 nurses in the isolation ward, and each nurse was responsible for four patients on average in each shift.","In consideration of the effective duration of general protective equipment and the maximal usage of every set of protective equipment (e.g., protective gowns, goggles, N95 masks, latex gloves, and isolation gowns), usage rules of protective equipment were formulated.

 Self-protection knowledge and skills include epidemiological characteristics, transmission route of COVID-19, and personal protection techniques, such as gowning/degowning of protective gown and mask.",2020-04-17
,2020-04-03,"The challenges and considerations of community-based preparedness at the onset of COVID-19 outbreak in Iran, 2020",https://www.ncbi.nlm.nih.gov/pmc/articles/PMC7167485/,PMC,,,Other,20,the index case) in Iran was observed in the city of Qom on 19 February 2020.,"Thus, given the fact that 20 patients are suffering from severe, critical COVID-19 symptoms, it can be estimated that there are at least 80 patients in Delijan with mild-to-moderate symptoms who have gone undetected and hence able to easily transfer COVID-19 to others.",The current situation of the personal protective equipment (PPE) is insufficient.,2020-04-24
,2020-04-03,Coronavirus Outbreak: Is Radiology Ready? Mass Casualty Incident Planning,https://doi.org/10.1016/j.jacr.2020.03.025,Journal of the American College of Radiology,,,Modeling,1014,"In late December 2019, an outbreak of a novel coronavirus (SARS-Cov-2) was announced in Wuhan, China .","In a recent study published in Radiology, based on a retrospective study of 1,014 patients, the diagnostic sensitivity of chest CT for COVID-19 is significantly greater than that of RT-PCR (98% versus 59%), but the specificity is limited (25%) .","Personal protective equipment includes gowns, gloves, masks, and eye protection .",2020-05-01
,2020-04-01,An Uncomplicated Delivery in a Patient with Covid-19 in the United States,https://www.ncbi.nlm.nih.gov/pmc/articles/PMC7153431/,N Engl J Med,,,Other,,Clinical specimens for COVID-19 were obtained with flock mini swabs of the nasopharynx and oropharynx and placed in 3 mL BD Universal viral transport media.,"During her labor course, tests for Covid-19 were determined to be positive 21 hours after samples were obtained.",All staff caring for the patient wore appropriate personal protective equipment.,2020-04-17
,2020-03-31,Navigating the challenges of the COVID-19 outbreak: perspectives from the radiation oncology service in singapore,https://doi.org/10.1016/j.radonc.2020.03.030,Radiotherapy and Oncology,,,Modeling,509,"In Singapore, the risk assessment of the COVID-19 virus from Disease Outbreak Response System Condition (DORSCON) was raised from green to yellow on 23 rd January 2020, and from DORSCON yellow to orange on 7 th February 2020 (Supplementary Table) .","As of 24 th March 2020, there have been 509 new cases of COVID-19 cases confirmed in Singapore with 2 deaths and 381,462 cases of COVID-19 diagnosed worldwide with 16,550 deaths in total.","During treatment, the patient and involved staff will need to don appropriate personal protective equipment (PPE).

Weekly checks of medical supplies including personal protective equipment such as masks (surgical, N95), gowns, goggles and gloves was implemented.",2020-04-03
,2020-03-31,Hepatic and gastrointestinal involvement in coronavirus disease 2019 (COVID-19): What do we know till now?,https://doi.org/10.1016/j.ajg.2020.03.002,Arab Journal of Gastroenterology,,,Other,1099,"According to current guidance, the decision to discharge hospitalized COVID-19 patients is based on negative results of RT-PCR testing for SARS-CoV-2 from at least two sequential respiratory tract specimens collected ≥24 h apart .","In a study of 1099 patients with laboratory confirmed COVID-19, 23 (2.1%) patients had hepatitis B infection.","Staff protection: The minimal composition of personal protective equipment (PPE) for personnel in endoscopy units should include gloves, hairnet, protective eyewear (goggles or face shield), waterproof gowns, and respiratory protective equipment, modified on the basis of risk stratification .",2020-04-24
,2020-03-30,Laboratory diagnosis of emerging human coronavirus infections – the state of the art,https://www.ncbi.nlm.nih.gov/pmc/articles/PMC7172701/,Emerg Microbes Infect,,,Other,2494,Accessed 3 February 2020).,"Between September 2012 and November 2019, there were 2494 laboratory-confirmed cases of MERS, with 858 deaths ( Accessed 4 February 2020).",Proper use of personal protective equipment (PPE) by healthcare workers is important.,2020-05-01
,2020-03-21,"Coronavirus (COVID-19): A Review of Clinical Features, Diagnosis, and Treatment",https://www.ncbi.nlm.nih.gov/pmc/articles/PMC7170025/,PMC,,,Other,79968,"Table 1 provides a comparison of the epidemiological characteristics of SARS-CoV, MERS-CoV, and SARS-CoV-2.","Of the total number of cases, 79,968 (92%) patients have been identified in China .","Healthcare personnel must use personal protective equipment such as N95 masks, FFP3 masks, gowns, eye protection, gloves, and gowns.",2020-05-01
,2020-03-18,"COVID-19 infection epidemic: the medical management strategies in Heilongjiang Province, China",https://www.ncbi.nlm.nih.gov/pmc/articles/PMC7081588/,Crit Care,,,Other,,"The first set of medical teams arrived in Wuhan on January 27, 2020, and soon started medical work.",Medical staffs in Heilongjiang province were divided into 4 groups (Fig.,"The content of training included personal protection such as hand hygiene, wearing personal protective equipment (PPE), safe waste disposal, and emergency handling protocols.",2020-03-27
,2020-03-11,Novel coronavirus and hospital infection prevention: Preparing for the impromptu speech,https://doi.org/10.1017/ice.2020.55,Infection Control & Hospital Epidemiology,,,Modeling,,"Stakeholders must create a standardized process entailing rapid triage, isolation, and placement of patients with suspected 2019-nCoV to minimize the risk of transmission and exposure of HCWs and other patients.","Stakeholders must create a standardized process entailing rapid triage, isolation, and placement of patients with suspected 2019-nCoV to minimize the risk of transmission and exposure of HCWs and other patients.","Personal protective equipment (PPE) recommendations for HCWs caring for possible or confirmed 2019-nCoV include gloves, gowns, eye protection and a mask.

Personal protective equipment (PPE) recommendations for HCWs caring for possible or confirmed 2019-nCoV include gloves, gowns, eye protection and a mask.1,2 The Centers for Disease Control and Prevention (CDC) recommends the mask be a National Institute for Occupational Safety and Health (NIOSH)-certified N95 respirator or a reusable powered air-purifying respirator (PAPR).2 Unit leadership, with support from the HIPP and supply management and logistics, must visually confirm the supply of appropriate PPE on site.",2020-04-10
,2020-03-03,The deadly coronaviruses: The 2003 SARS pandemic and the 2020 novel coronavirus epidemic in China,https://doi.org/10.1016/j.jaut.2020.102434,Journal of Autoimmunity,,,Modeling,70,"Their study reported the clinical features of the first 41 patients admitted to the designated hospital in Wuhan who were laboratory-confirmed COVID-19 by January 2, 2020.","In Chen's study , 70 patients were given antibiotic treatment, among whom 25 patients were treated with a single antibiotic and 45 patients were given combination therapy.",c) Training in the use of personal protective equipment protects the safety of HCWs .,2020-03-27
0,2020-04-01,"Guidance for Cardiac Electrophysiology During the Coronavirus (COVID-19) Pandemic from the Heart Rhythm Society COVID-19 Task Force; Electrophysiology Section of the American College of Cardiology; and the Electrocardiography and Arrhythmias Committee of the Council on Clinical Cardiology, American Heart Association",https://doi.org/10.1016/j.hrthm.2020.03.028,Heart Rhythm,"In patients with suspected COVID-19 infection, it is recommended that PPE be donned by all clinicians and health care providers. This includes a face mask, protective eyewear, gown and gloves",,Retrospective Cohort,,,,,
1,2020-04-01,AGA Institute Rapid Recommendations for Gastrointestinal Procedures During the COVID-19 Pandemic,https://doi.org/10.1053/j.gastro.2020.03.072,Gastroenterology,there was a strong association between use of N95 respirators (compared to no masks) and protection from SARS infection in health care workers,,Prospective Cohort,,,,,
2,2020-04-01,Novel Coronavirus International Public Health Emergency: Guidance on Radiation Oncology Facility Operation,https://doi.org/10.1016/j.adro.2020.03.008,Advances in Radiation Oncology,Personnel protection measures are employed including personal protection equipment against the spread of droplets and aerosols.,,Unknown Design,,,,,
3,2020-03-31,Beyond the assistance: additional exposure situations to COVID-19 for healthcare workers,https://doi.org/10.1016/j.jhin.2020.03.033,Journal of Hospital Infection,"WHO has recommended that HCWs should use proper personal protective equipment (PPE), such as medical masks, gowns, gloves and eye protection .",,Unknown Design,,,,,
4,2020-03-31,Creating a Palliative Care Inpatient Response Plan for COVID19 – The UW Medicine Experience,https://doi.org/10.1016/j.jpainsymman.2020.03.025,Journal of Pain and Symptom Management,"A second consideration was the implementation of Personal Protective Equipment (PPE) preservation, which has been a core strategy to maintain healthcare worker safety.",,Retrospective Cohort,,,,,
5,2020-03-31,How to protect the protectors: 10 lessons to learn for doctors fighting the COVID-19 Coronavirus,https://doi.org/10.1016/j.mjafi.2020.03.009,Medical Journal Armed Forces India,"The HCWs involved in patient care should use a N-95 mask, eye protection (goggles) or face shield to prevent contamination of mucus membranes, clean non sterile long sleeved gown and gloves.",,Retrospective Cohort,,,,,
6,2020-03-28,"Spinal anaesthesia for patients with coronavirus disease 2019 and possible transmission rates in anaesthetists: retrospective, single-centre, observational cohort study",https://doi.org/10.1016/j.bja.2020.03.007,British Journal of Anaesthesia,Level 3 personal protective equipment appears to reduce the risk of transmission to anaesthetists who are exposed to mildly symptomatic surgical patients.,,Retrospective Cohort,,,,,
7,2020-03-27,UV Sterilization of Personal Protective Equipment with Idle Laboratory Biosafety Cabinets During the Covid-19 Pandemic,https://doi.org/10.1101/2020.03.25.20043489,medrxiv,"Personal protective equipment (PPE), including surgical masks and N95 respirators, is crucially important to the safety of both patients and medical personnel, particularly in the event of infectious pandemics.",,Retrospective Cohort,,,,,
8,2020-03-27,COVID-19 in Canada: Predictions for the future and control lessons from Asia,https://doi.org/10.1101/2020.03.21.20040667,medrxiv,"The ubiquitous use of face masks, at least in healthcare settings is a rapid adoption NPI which can have major impacts on COVID-19 related morbidity and mortality in Canada and elsewhere.",,Retrospective Cohort,,,,,
9,2020-03-26,Guidelines for preventing respiratory illness in older adults aged 60 years and above living in long-term care: A rapid review of clinical practice guidelines,https://doi.org/10.1101/2020.03.19.20039180,medrxiv,"The most commonly recommended prevention strategies across the clinical practice guidelines were hand hygiene, wearing personal protective equipment, social distancing/isolation, disinfecting surfaces, droplet precautions, surveillance and evaluation, conducting diagnostic testing to confirm suspected respiratory illness, policies and procedures for visitors, policies and procedures for staff, and respiratory hygiene/cough etiquette.",,Prospective Cohort,,,,,
10,2020-03-26,Preventing respiratory illness in older adults aged 60 years and above living in long-term care: A rapid overview of reviews,https://doi.org/10.1101/2020.03.19.20039081,medrxiv,One moderate quality SR with meta-analysis found a moderate non-statistically significant effect in favour of personal protective equipment (PPE) in preventing infection.,,Systematic Review,,,,,
11,2020-03-26,Working through the COVID-19 outbreak: Rapid review and recommendations for MSK and allied heath personnel,https://doi.org/10.1016/j.jcot.2020.03.014,Journal of Clinical Orthopaedics and Trauma,"By reducing the viral load acquired, such facemasks are protective for personnel as they are likely to reduce the severity of illness, especially at the height of the pandemic. It is recommended that a known patient of COVID-19 wears such a mask to reduce viral shedding and hence this measure is protective to the health workers.",,Unknown Design,,,,,
12,2020-03-24,Coronavirus Disease (COVID-19): A primer for emergency physicians,https://doi.org/10.1016/j.ajem.2020.03.036,The American Journal of Emergency Medicine,"When caring for a stable PUI, HCPs should adhere to droplet (surgical mask), contact (gown and gloves), and standard precautions with the addition of eye protection (face shield or goggles). If a PUI is critically ill or an aerosol-generating procedure (e.g., endotracheal intubation, suctioning of the airway, sputum induction) is necessary, HCPs should escalate to airborne precautions with the use of a fitted N95 respirator in place of a surgical mask]. Reusable respirators such as powered air purifying respirators (PAPRs) may also be used, but should be disinfected and maintained appropriately",,Retrospective Cohort,,,,,
13,2020-03-23,Coronavirus Disease 2019 (COVID-19) Pandemic and Pregnancy,https://doi.org/10.1016/j.ajog.2020.03.021,American Journal of Obstetrics and Gynecology,Surgical face masks are appropriate for general clinical duties as randomized trial data have shown them to be as effective as N95 respirators in preventing droplet transmission in influenza.,,Unknown Design,,,,,
14,2020-03-19,Hand hygiene and the novel coronavirus pandemic: The role of healthcare workers,https://doi.org/10.1016/j.jhin.2020.03.017,Journal of Hospital Infection,Most healthcare-acquired infections could be avoided by well-trained nurses with appropriate hand hygiene compliance and use of protective equipment .,,Unknown Design,,,,,
15,2020-03-19,Catheterization Laboratory Considerations During the Coronavirus (COVID-19) Pandemic: From ACC’s Interventional Council and SCAI,https://doi.org/10.1016/j.jacc.2020.03.021,Journal of the American College of Cardiology,"In patients with active COVID-19 in whom primary PCI is to be performed, appropriate personal protective equipment (PPE) should be worn including gown, gloves, goggles (or shields), and a N95 mask, especially given the limited ability to take a history from the patient as well as the potential for clinical deterioration in STEMI cases.",,Retrospective Cohort,,,,,
16,2020-03-16,Environmental contamination of the SARS-CoV-2 in healthcare premises: An urgent call for protection for healthcare workers,https://doi.org/10.1101/2020.03.11.20034546,medrxiv,"Early on during the COVID-19 outbreak, healthcare workers (HCW) were found to be at high risk of developing COVID-19, even when infection prevention measures were in place, including usage of personal protective equipment (PPE: eye protection/face shield, respiratory protection, isolation gowns, and gloves), hand hygiene, and patient placement in negative-pressure isolation rooms.",,Retrospective Cohort,,,,,
17,2020-03-15,The COVID-19 outbreak and psychiatric hospitals in China: managing challenges through mental health service reform,https://www.ncbi.nlm.nih.gov/pmc/articles/PMC7098035/,Int J Biol Sci,"Clearly, preventive measures such as the provision of adequate medical supplies and protective equipment, public education on the risks of COVID-19 for hospital staff and patients, and restricting family visits to hospitals, are essential to reduce the likelihood of disease transmission in major psychiatric hospitals.",,Retrospective Cohort,,,,,
18,2020-03-14,Coronavirus (COVID-19) outbreak: what the department of endoscopy should know,https://doi.org/10.1016/j.gie.2020.03.019,Gastrointestinal Endoscopy,Personal protective equipment (PPE) is worn to reduce exposure to hazards that cause workplace injuries and illnesses.,,Retrospective Cohort,,,,,
19,2020-03-11,How Should U.S. Hospitals Prepare for Coronavirus Disease 2019 (COVID-19)?,https://www.ncbi.nlm.nih.gov/pmc/articles/PMC7081177/,Ann Intern Med,"Health care personnel should receive training on proper donning and doffing of personal protective equipment, including fit testing of N95 masks and use of powered air-purifying respirators, as well as basic infection prevention tenets, such as hand hygiene.",,Unknown Design,,,,,
20,2020-03-05,Taking the right measures to control COVID-19,https://doi.org/10.1016/s1473-3099%2820%2930152-3,The Lancet Infectious Diseases,"Second, in the use of personal protective equipment, we should try to distinguish different risk factors, adopt different epidemic prevention measures, and reduce the waste of personal protective equipment, as these resources are already in short supply.",,Retrospective Cohort,,,,,
21,2020-03-03,Transmission routes of 2019-nCoV and controls in dental practice,https://www.ncbi.nlm.nih.gov/pmc/articles/PMC7054527/,Int J Oral Sci,"Since airborne droplet transmission of infection is considered as the main route of spread, particularly in dental clinics and hospitals, barrier-protection equipment, including protective eyewear, masks, gloves, caps, face shields, and protective outwear, is strongly recommended for all healthcare givers in the clinic/hospital settings during the epidemic period of 2019-nCoV.",,Retrospective Cohort,,,,,
22,2020-02-26,The infection evidence of SARS-COV-2 in ocular surface： a single-center cross-sectional study,https://doi.org/10.1101/2020.02.26.20027938,medrxiv,"Therefore, to lower the SARS-COV-2 nosocomial infection, the protective goggles should be wore in all the health care workers.",,Cross Sectional Case Control,,,,,
23,2020-02-24,Staff safety during emergency airway management for COVID-19 in Hong Kong,https://doi.org/10.1016/s2213-2600%2820%2930084-9,The Lancet Respiratory Medicine,"All medical personnel involved in the management of patients with suspected COVID-19 must adhere to airborne precautions, hand hygiene, and donning of personal protective equipment.",,Retrospective Cohort,,,,,
24,2020-02-21,"Clinical features of patients infected with 2019 novel coronavirus in Wuhan, China",https://doi.org/10.1016/s0140-6736%2820%2930183-5,The Lancet,"Airborne precautions, such as a fit-tested N95 respirator, and other personal protective equipment are strongly recommended.",,Retrospective Cohort,,,,,
25,2020-02-13,Epidemiological research priorities for public health control of the ongoing global novel coronavirus (2019-nCoV) outbreak,https://www.ncbi.nlm.nih.gov/pmc/articles/PMC7029449/,Euro Surveill,"Face masks are essential components of personal protective equipment in healthcare settings, and should be recommended for ill persons in the community or for those who care for ill persons.",,Unknown Design,,,,,
26,2020-02-12,Facemask shortage and the coronavirus disease (COVID-19) outbreak: Reflection on public health measures,https://doi.org/10.1101/2020.02.11.20020735,medrxiv,"The World Health Organization's (WHO) guidance on prevention and control of the COVID-19 outbreak recommends hand, and respiratory hygiene and the use of appropriate personal protective equipment for healthcare workers in practice and patients with suspected SARS-CoV-2 infection should be offered a medical mask.",,Simulation,,,,,
27,2020-01-31,2019-nCoV: The Identify-Isolate-Inform (3I) Tool Applied to a Novel Emerging Coronavirus,https://www.ncbi.nlm.nih.gov/pmc/articles/PMC7081861/,West J Emerg Med,"The mode of transmission has implications for the types of personal protective equipment (PPE) needed to protect healthcare providers in the prehospital, clinic, and hospital settings.",,Retrospective Cohort,,,,,
28,2020-01-01,Wuhan novel coronavirus 2019nCoV,https://doi.org/10.31646/gbio.50,Global Biosecurity,"Triage, isolation and infection control are key, as well as personal protective equipment (PPE) for health care workers.",,Unknown Design,,,,,
29,2020-01-01,Overview of The 2019 Novel Coronavirus (2019-nCoV): The Pathogen of Severe Specific Contagious Pneumonia (SSCP),https://doi.org/10.1097/jcma.0000000000000270,J Chin Med Assoc,Person-to-person transmission may occur through droplet or contact transmission and jeopardized first-line healthcare workers if lack of stringent infection control or no proper personal protective equipment available.,,Retrospective Cohort,,,,,
