,Date,Study,Study Link,Journal,Method,Result,Measure of Evidence,Added on,Study Population,Sample Text,Matches,Entry
,2020-07-01,On biological evolution and environmental solutions,https://doi.org/10.1016/j.scitotenv.2020.138194,Sci Total Environ,,,,,There is a frequent use of methods and technologies originating from evolutionary biology.,"Such lineage diversity within species is rarely accounted for in typical assessments of pollutants on organisms (Relyea and Hoverman, 2006) .","Mutation Mutations are random, heritable changes in the sequence or structure of a gene.",2020-04-10
,2020-05-31,Viroporins and inflammasomes: A key to understand virus-induced inflammation,https://doi.org/10.1016/j.biocel.2020.105738,The International Journal of Biochemistry & Cell Biology,,,,,"International Journal of Biochemistry and Cell Biology 122 105738 et al., 2010) .","International Journal of Biochemistry and Cell Biology 122 (2020) 105738 et al., 2010) .",2B mutations cause early defects in viral RNA replication.,2020-05-12
,2020-05-04,Complexity in SARS-CoV-2 genome data: Price theory of mutant isolates,https://doi.org/10.1101/2020.05.04.077511,biorxiv,,,,,Australia Japan S. Korea Nepal Sweden Taiwan USA Wuhan .,These two mutations at positions 8781 and 28143 are highly prevalent in the USA (14 out of 16) and Japanese isolates (3 out of 4).,This specific mutation is seen to mutate along with mutation from T → C at genomic position 28143.,2020-05-12
,2020-05-04,"Genetic alteration, RNA expression, and DNA methylation profiling of coronavirus disease 2019 (COVID-19) receptor ACE2 in malignancies: a pan-cancer analysis",https://www.ncbi.nlm.nih.gov/pmc/articles/PMC7197362/,J Hematol Oncol,,,,,This data was obtained using Ualcan.,"Notably, many of affected patients of COVID-19 were people with malignancies.",(A) mutations were not relevant to RNA expression.,2020-05-12
,2020-05-03,Failure of the cobas® SARS-CoV-2 (Roche) E-gene assay is associated with a C-to-T transition at position 26340 of the SARS-CoV-2 genome,https://doi.org/10.1101/2020.04.28.20083337,medrxiv,,,,,We found mutations in binding sites for three of the oligos from the US CDC tests and two oligos from Corman et al.,We next carried out whole genome sequencing of the viruses from the four patients using the Artic Network protocol .,"In comparison to other RNA viruses the mutation rate of SARS-CoV-2 is moderate, however given the large number of transmission chains it is prudent to monitor circulating viruses for mutations that might compromise these tests.",2020-05-12
,2020-04-30,Spike mutation pipeline reveals the emergence of a more transmissible form of SARS-CoV-2,https://doi.org/10.1101/2020.04.29.069054,biorxiv,,,,,SARS-CoV-2 sequences were generated from 453 individuals presenting with COVID-19 disease at the Sheffield Teaching Hospitals NHS Foundation Trust.,SARS-CoV-2 sequences were generated from 453 individuals presenting with COVID-19 disease at the Sheffield Teaching Hospitals NHS Foundation Trust.,"In 5/7 cases, D614G was accompanied by 2 other mutations: a silent C-to-T mutation in the nsp3 gene at position 3,037, and a C-to-T mutation at position 14,409 which results in an RNA-dependent RNA polymerase (RdRp) amino acid change (RdRp P323L).The combination of these three mutations forms the basis for the clade that soon emerged in Europe (Fig.",2020-05-12
,2020-04-29,"Decoding SARS-CoV-2 transmission, evolution and ramification on COVID-19 diagnosis, vaccine, and medicine",https://doi.org/,ArXiv,,,,,"In this work, we retrieve and genotype 6156 SARS-CoV-2 isolates from word as of April 24, 2020.","Based on the genotyping of 6156 genome samples collected up to April 24, 2020, we report that SARS-CoV-2 has had 4459 alarmingly mutations which can be clustered into five subtypes.","The N protein has 235 unique mutations, the E protein has 13 mutations.

There are 4459 single mutations in 6156 SARS-CoV-2 isolates.

Among the major non-structural proteins of SARS-CoV-2, the main protease of 306 amino acids has 68 mutations with 0.22 mutations per residue and the mutation h-index of 9, RNA polymerase of 932 amino acids has 223 mutations with 0.24 mutations per residue and the mutation h-index of 13, and papain-like protease of 1945 amino acids has 599 mutations with 0.31 mutations per residue and the mutation h-index of 15.",2020-05-01
,2020-04-28,Phylogenetic network analysis of SARS-CoV-2 genomes,https://www.ncbi.nlm.nih.gov/pmc/articles/PMC7196762/,Proc Natl Acad Sci U S A,,,,,"In another case, a man from Ontario had traveled from Wuhan in central China to Guangdong in southern China and then returned to Canada, where he fell ill and was conclusively diagnosed with coronavirus disease 2019 (COVID-19) on 27 January 2020.","In the T-allele subcluster, four Chinese individuals (from the southern coastal Chinese province of Guangdong) carry the ancestral genome, while three Japanese and two American patients differ from it by a number of mutations.",Node B is derived from A by two mutations: the synonymous mutation T8782C and the nonsynonymous mutation C28144T changing a leucine to a serine.,2020-05-12
,2020-04-27,Genotyping coronavirus SARS-CoV-2: Methods and implications,https://doi.org/10.1016/j.ygeno.2020.04.016,Genomics,,,,,Total 558 complete genome sequences of the SARS-CoV-2 strains from the infected individuals are retrieved from the GISAID database as,Total 558 complete genome sequences of the SARS-CoV-2 strains from the infected individuals are retrieved from the GISAID database as,"If a mutation is lethal or reduces the transmission ability, the mutations may not be carried on or get deceased.

Therefore, the SNP mutations in this strain are critical for increased transmissibility.

Combined, these four co-mutations probably can confer increased transmissibility of the virus.",2020-05-01
,2020-04-27,A SARS-CoV-2 vaccine candidate would likely match all currently circulating strains,https://doi.org/10.1101/2020.04.27.064774,biorxiv,,,,,"We inferred the most recent common ancestors (MRCA) of SARS-CoV-2 S sequences sampled from Wuhan within the first month of the epidemic, from all currently circulating SARS-CoV-2 sequences, and from those 20 corresponding to closely related sequences sampled from pangolins (n=9) and a bat.",Mutations that were found only in one or two sequences were not represented.,"15 However, an S612L mutation, in the same region as the D614G mutation, has been observed after passaging a MERS-CoV isolate in the presence of two antibodies (in 5/15 clones after 20 passages) .",2020-05-01
,2020-04-22,Emerging SARS-CoV-2 mutation hot spots include a novel RNA-dependent-RNA polymerase variant,https://www.ncbi.nlm.nih.gov/pmc/articles/PMC7174922/,J Transl Med,,,,,METHODS: We analyzed 220 genomic sequences from the GISAID database derived from patients infected by SARS-CoV-2 worldwide from December 2019 to mid-March 2020.,"According to this analysis, 6 time subgroups were defined, namely December 2019 (genomes from 5 patients), 1st–15th Jan. 2020 (genomes from 15 patients), 16th–31st Jan. 2020 (genomes from 52 patients), 1st–15th Feb. 2020 (genomes from 13 patients), 16th–29th Feb 2020 (genomes from 55 patients) and 1st–13th Mar 2020 (genomes from 80 patients).","In particular, group 1 shows 6 genomes with two mutations (11.3%), 25 genomes with three mutations (47.2%), 21 genomes with four mutations (39.6%), and 1 genome with 5 mutations (1.9%).

We found that viral strains with RdRp mutation have a median of 3 point mutations [range: 2–5], whereas viral strains with no RdRp mutation have a median of 1 mutation [range: 0–3] (p value < 0.001, Mann–Whitney test).

We found that viral strains with RdRp mutation have a median of 3 point mutations [range: whereas viral strains with no RdRp mutation have a median of 1 mutation [range: 0-3] (p value < 0.001, Mann-Whitney test).

Regarding genomes in group 2, 20 do not carry any mutations (23.8%), 25 genomes have a single mutation (29.8%), 19 genomes have two mutations (22.6%), 6 genomes have three mutations (7.1%), 9 genomes have four mutations (10.7%), 2 and 3 genomes have five and six mutations respectively (2.4% and 3.6%).",2020-05-01
,2020-04-21,Compounds with Therapeutic Potential against Novel Respiratory 2019 Coronavirus,https://www.ncbi.nlm.nih.gov/pmc/articles/PMC7179632/,Antimicrob Agents Chemother,,,,,"By the end of February 2020, 2 months after the first cases of SARS-CoV-2 were reported in China, several hundreds of new infection cases had been registered, mainly in other Asian regions and Europe.","Neverthe-less, we must be aware that, currently, no compound that targets SARS-CoV or MERS-CoV has moved beyond phase 1 trials.",These mutations increased the replication capacity of the virus in the presence of remdesivir .,2020-05-01
,2020-04-21,Commentary: Origin and evolution of pathogenic coronaviruses,https://www.ncbi.nlm.nih.gov/pmc/articles/PMC7187924/,Front Immunol,,,,,"In this commentary, we focus on the titled review article and mainly introduce evolutionary aspects of the coronaviruses.",Their genome is positivesense (+) single-stranded (ss) RNA and 27-32 kb in size.,"For MERS-CoV, cells expressing suboptimal bat species-derived variant of DPP4 force the viruses to accumulate mutations in the viral spike during passages, resulting in enhanced viral entry merely with two amino acid mutations .",2020-05-12
,2020-04-19,Patient-derived mutations impact pathogenicity of SARS-CoV-2,https://doi.org/10.1101/2020.04.14.20060160,medrxiv,,,,,"References of SARS-CoV-2 were downloading from NCBI on date February 28th, 2020.","The 11 patients 99 include 8 males and 3 females, with ages ranging from 4 months to 71 years old.","118 In total, 33 mutations were identified (including 10 mutations observed in 119 mixed-populations), and 19 of these mutations were novel, according to the comparison 120 with 1111 genomic sequences available at GISAID on 3/24/2020 ( Fig.

Finally, the ZJU-11 has 4 mutations in the ORF7b 134 gene, 3 of which are consecutive and introduce 2 mutations at the protein level.

This could 333 be due to the founding effect of mutations, in which case the T22303G mutation was not 334 transmitted out of the China during the early days; 3.",2020-05-01
,2020-04-15,Phylogenetic Analysis of the Novel Coronavirus Reveals Important Variants in Indian Strains,https://doi.org/10.1101/2020.04.14.041301,biorxiv,,,,,"19 The data was downloaded from GenBank, GISAID, and SRA.",These mutations were 64 analysed in 28 submitted sequences from India.,"A previous report from India observed 65 unique mutation in spike protein (A930V (24351C>T)), this mutation was identified in 66 one (Sample 2) of the early infected patients' viral sequence .",2020-04-24
,2020-04-14,VIRAL MUTATIONS AS A POSSIBLE MECHANISM OF HIDDEN IMMUNIZATION AND CONTAINMENT OF A PANDEMIA,https://doi.org/10.1101/2020.04.09.20059782,medrxiv,,,,,"The data of South Korea, presented in Fig.","on 11/02/2020, is almost 100%.","Virus mutations can be included in the base SIR model, giving the original virus ability to mutate during transmission.",2020-04-24
,2020-04-14,Potency and timing of antiviral therapy as determinants of duration of SARS CoV-2 shedding and intensity of inflammatory response,https://doi.org/10.1101/2020.04.10.20061325,medrxiv,,,,,"The second data set was obtained from infected patients enrolled and treated in a single hospital in Munich, Germany from January 23 rd to January 27 th , 2020 .","The fourth data set came from four patients admitted in hospitals in Paris or Bordeaux, France with viral loads obtained from nasopharyngeal swabs using RT-PCR (10).","Based on the mutation rate of positive ss RNA viruses of approximately 10 -5 mutations per base pair per cell infection , and on the fact that two separate mutations may induce partial remdesivir resistance in SARS CoV-1 which in turn leads to a less fit virus , we estimated the probability that a drug resistant mutant would emerge during therapy.",2020-04-24
,2020-04-13,Emergence of Novel Coronavirus and COVID-19: whether to stay or die out?,https://www.ncbi.nlm.nih.gov/pmc/articles/PMC7157960/,Crit Rev Microbiol,,,,,"Based on the gene bank data, apart from the lung and oropharyngeal fluid this virus also isolated from faces and blood.","As of February 29 2020, SARS-CoV-2 infected 85,406 people and the infection turns into fatality for more than 2,924 cases.",This will allow the selection of mutated viruses within a host and dissemination if the mutant virus remains contagious.,2020-04-24
,2020-04-11,Analysis of the mutation dynamics of SARS-CoV-2 reveals the spread history and emergence of RBD mutant with lower ACE2 binding affinity,https://doi.org/10.1101/2020.04.09.034942,biorxiv,,,,,"As expected, the 242 earliest few reported SARS-CoV-2 accessions collected from Wuhan China were identified at the center of the phylogenetic 243 tree with the shortest branch.","Due to a dominant proportion of the samples 247 in this study were collected from China and USA, we observed a significantly higher level of genetic diversity from these 248 two countries.","To assess how the mutation rate and genetic diversity of SARS-CoV-2, the ratio of nonsynonymous mutations (dN) and 138 synonymous mutations (dS), was calculated for each protein-encoding ORF based on the 106 SARS-CoV-2 and 39 SARS 139 genomes.",2020-04-24
,2020-04-10,Implications of the virus-encoded miRNA and host miRNA in the pathogenicity of SARS-CoV-2,https://doi.org/,ArXiv,,,,,"The genomic variations were downloaded from China National Center for Bioinformation, data were collected until Mar 19, 2020.","The genomic variations were downloaded from China National Center for Bioinformation, data were collected until Mar 19, 2020.","Mutations accumulated since the SARS-CoV-2 emerged, studies have implicated that the mutations on the virus genome may lead to an attenuated phenotype of SARS-CoV-2.",2020-05-01
,2020-04-10,The antiviral compound remdesivir potently inhibits RNA-dependent RNA polymerase from Middle East respiratory syndrome coronavirus,https://doi.org/10.1074/jbc.ac120.013056,J Biol Chem,,,,,NTPs were purchased from GE Healthcare.,NTPs were purchased from GE Healthcare.,In vitro selection experiments with the coronavirus model murine hepatitis virus resulted in two variants with resistance-conferring mutations in nsp12.,2020-04-24
,2020-04-09,Covid-19: Impact on Perianesthesia Nursing Areas,https://doi.org/10.1016/j.jopan.2020.03.009,Journal of PeriAnesthesia Nursing,,,,,"This means that without effective containment measures, an infected person can infect between two and four other individuals.","This means that without effective containment measures, an infected person can infect between two and four other individuals.","The strain of virus is also important, as coronaviruses are capable of rapid mutation and recombination 12 .",2020-04-17
,2020-04-09,Decoding the lethal effect of SARS-CoV-2 (novel coronavirus) strains from global perspective: molecular pathogenesis and evolutionary divergence,https://doi.org/10.1101/2020.04.06.027854,biorxiv,,,,,"Whole genomic data retrieval from the database Retrieved the whole genome sequences from ""NCBI Virus"" database, specific input was ""SARS-CoV-2"", during a period from Jan 5 through March 24, 2020.","Pair-wise Sequence Alignment EMBOSS-Stretcher was used for whole genomic pair-wise alignment between the ancestor SARS-CoV-2 sequences of Wuhan (NC045512.2; submitted on 5 th Jan, 2020) with all 13 sequences.",Viral Strain (Accession Country Name Total no of Mutation Mutatio n position Variation type Codon Alteration Effect on Protein Sequenc  Mutation Catagory Fatality Rate,2020-04-17
,2020-03-24,Genotyping coronavirus SARS-CoV-2: methods and implications,https://doi.org/,ArXiv,,,,,"For example, in USA (IL) two consecutive infection cases (US|IL1|EPI_ISL_404253|2020-01-21,US|IL2|EPI_ISL_410045|2020-01-28), the virus increased one mutation (28854C>Y) between two same community members.","For example, in USA (IL) two consecutive infection cases (US|IL1|EPI_ISL_404253|2020-01-21,US|IL2|EPI_ISL_410045|2020-01-28), the virus increased one mutation (28854C>Y) between two same community members.","The SNP mutations can be single mutation and multiple mutations at a few fixed positions.

The leader sequence mutation 241C>T is co-evolved with three important mutations, 3037C>T, 14408C>T, and 23403A>G, which result in amino acid mutations in nsp3 (synonymous mutation), RNA primase (P323L), and spike glycoprotein (S protein, D614G), respectively.

If a mutation is lethal or reduces the transmission ability, the mutations may not be carried on or get deceased.

Therefore, the SNP mutations in this strain are critical for increased transmissibility.

Combined, these four co-mutations probably can confer increased transmissibility of the virus.",2020-05-01
,2020-03-14,Dark Proteome of Newly Emerged SARS-CoV-2 in Comparison with Human and Bat Coronaviruses,https://doi.org/10.1101/2020.03.13.990598,biorxiv,,,,,"In this study, we utilized information available on SARS-CoV-2 genome and translated proteome from GenBank, and carried out a comprehensive computational analysis of the prevalence of the intrinsic disorder in SARS-CoV-2 proteins.","Proteins ORF 3a MoRFchibi_web 1-6, 261-268 ANCHOR 419 - MoRFPred 7-12, 126, 230-233, 259-263 DISOPRED3 1-19",Reverse genetic deletion in the coding sequence of Nsp2 of the SARS virus attenuated little viral growth and replication and allowed the recovery of mutant virulent viruses.,2020-04-10
,2020-03-03,On the origin and continuing evolution of SARS-CoV-2,https://doi.org/10.1093/nsr/nwaa036,Natl Sci Rev,,,,,Most ORFs annotated from SARS-CoV-2,"The set of 103 complete genome sequences were downloaded from GISAID (Global Initiative on Sharing All Influenza Data; with acknowledgment, GenBank ( and NMDC ( Sequences and annotations of the reference genome of SARS-CoV-2 (NC_045512) and other related viruses were downloaded from GenBank or GISAID (Table S1 ).","However, 16.3% (7 out of 43) synonymous mutations, and one nonsynonymous (ORF8 (L84S, 28,144)) mutation had a derived frequency of ≥ 70% across the SARS-CoV2 strains.",2020-04-10
,2020-03-03,Immunoinformatics‐aided identification of T cell and B cell epitopes in the surface glycoprotein of 2019‐nCoV,https://doi.org/10.1002/jmv.25698,J Med Virol,,,,,"With the exception of CTL epitope—VVNQNAQAL, which was found to have 100% identity with SARS‐CoV, all identified sequential CTL and B cell epitopes were at least partially unique to 2019‐nCoV, compared with Bt‐CoV, SARS‐CoV, and MERS‐CoV.","B, Salt bridge-forming residues were detected in three complexes.","24, 25 Second, similar to other RNA virus, coronavirus replication is error-prone, with a reported mutation rate of 4 × 10 −4 substitutions per site per year in SARS-CoV.",2020-04-24
,2020-02-27,Epitope-based peptide vaccine design and target site characterization against novel coronavirus disease caused by SARS-CoV-2,https://doi.org/10.1101/2020.02.25.965434,biorxiv,,,,,Peptide VLGQSKRVDFCGKG Start 1033 End 1046 Antigenicty 1.3582 Length 14 Method Parker hydrophilicity,The S protein sequences were taken from an open access database NGDC ( where 134 SARS-CoV-2 virus strain sequences are documented from 38 locations worldwide.,The mutations in the S protein are documented in 37 isolates.,2020-03-27
,2020-02-09,Bat origin of a new human coronavirus: there and back again,https://doi.org/10.1007/s11427-020-1645-7,Sci China Life Sci,,,,,"A novel coronavirus reported to cause pneumonia in 41 people during December 2019 in Wuhan, the capital of Hubei province, China, was identified and designated as the 2019 novel coronavirus (2019-nCoV) .","sequenced samples from seven patients and bats, and found that this new coronavirus shared 96.2% overall genome sequence identity with a bat coronavirus RaTG13 from horseshoe bats (Rhinolophus) ( Table 1) .","The same mutations were observed in a familial cluster, suggesting viral mutation could have occurred during person-to-person transmission.",2020-03-27
,2020-02-04,Recent advances in the detection of respiratory virus infection in humans,https://doi.org/10.1002/jmv.25674,J Med Virol,,,,,"30 The AccuPower MERS‐CoV Real Time RT‐PCR, LightMix Molecular Dx MERS‐CoV upE/ORF1a, and UltraFast LabChip MERSCoV Real‐time PCR kits use two single gene‐targeting reagents to detect the upE and ORF1a genes simultaneously.","25 A total of 143 nasopharyngeal aspirate samples that tested RSV‐negative by qRT‐PCR were confirmed as RSV‐positive by sequencing the OTNRT‐PCR products, 25 indicating that OTNRT‐PCR is more sensitive than RT‐qPCR for detection of RSV in clinical samples.","However, these respiratory viruses are prone to antigenic drift caused by point mutations in viral genes, and new strains with pandemic potential may result from gene reassortment.",2020-04-24
0,2020-04-20,"SARS-coronavirus-2 replication in Vero E6 cells: replication kinetics, rapid adaptation and cytopathology",https://doi.org/10.1101/2020.04.20.049924,bioRxiv,Genomic Analysis,mutations change or delete a putative ‘furin-like cleavage site’ in the region connecting the S1 and S2 domains and result in a very prominent phenotypic change in plaque assays,-,5/11/20,,,,
1,2020-04-10,Remdesivir and SARS-CoV-2: Structural requirements at both nsp12 RdRp and nsp14 Exonuclease active-sites,https://doi.org/10.1016/j.antiviral.2020.104793,Antiviral Research,Genomic Analysis,presence of an exonuclease (ExoN) domain capable of excising incorporated NAs and thus providing resistance to many of these available antivirals,-,5/11/20,,,,
2,2020-04-07,Translational adaptation of human viruses to the tissues they infect,https://doi.org/10.1101/2020.04.06.027557,bioRxiv,Genomic Analysis (tRNA quantification),improved translational adaptation to the upper respiratory airways of the pandemic agent SARS-CoV-2 coronavirus could enhance its transmissibility,-,4/25/20,,,,
3,2020-03-31,Re-insights into origin and adaptation of SARS-CoV-2,https://doi.org/10.1101/2020.03.30.015685,bioRxiv,Genomic Analysis (Structure Homology Modeling),"Recombination impacted residues located in the binding receptor region of S glycoprotein. Several recombination hotspots were detected throughout the genome, with the exception of the S glycoprotein, which exhibits a coldspot in the N terminal region",-,4/26/20,,,,
4,2020-03-30,A Genomic Survey of SARS-CoV-2 Reveals Multiple Introductions into Northern California without a Predominant Lineage,https://doi.org/10.1101/2020.03.27.20044925,medRxiv,Phylogenetics,"The SARS-CoV-2 sequences from cruise ship passengers and crew all shared two single nucleotide polymorphisms (SNVs), C17747T and A17858G, as well as the triad of SNVs common to all WA1 lineages (C8782T, C18060T, and T28144C)",patients: 29,4/8/20,,,,
5,2020-03-28,Molecular characterization of SARS-CoV-2 in the first COVID-19 cluster in France reveals an amino-acid deletion in nsp2 (Asp268Del) Clinical Microbiology and Infection,https://doi.org/10.1016/j.cmi.2020.03.020,Clinical Microbiology and Infection,Genomic Analysis,"new deletion in nsp2 (Asp268del)which was found in all three samples originating from this cluster. analysis of 571 WGS identified this deletion in 37 other viruses collected in England (February) and in The Netherlands (March),suggesting the spread of this deletion in Europe",patients: 6,4/8/20,,,,
6,2020-03-28,SARS-CoV-2 exhibits intra-host genomic plasticity and low-frequency polymorphic quasispecies,https://doi.org/10.1101/2020.03.27.009480,bioRxiv,Genomic Analysis,"identified tens of low- or higher-frequency single nucleotide variations (SNVs) with variable density across the viral genome, affecting 7 out of 10 protein-coding viral genes. The majority of these SNVs corresponded to missense changes.",patients: 3,4/8/20,,,,
7,2020-03-24,Characterisation of the transcriptome and proteome of SARS-CoV-2 using direct RNA sequencing and tandem mass spectrometry reveals evidence for a cell passage induced in-frame deletion in the spike glycoprotein that removes the furin-like cleavage site,https://doi.org/10.1101/2020.03.22.002204,bioRxiv,Direct RNA sequencing/Mass spectrometry,24 nt in-frame deletion was detected in subgenomic mRNAs encoding the spike (S) glycoprotein,-,4/26/20,,,,
8,2020-03-23,"SARS-CoV-2, an evolutionary perspective of interaction with human ACE2 reveals undiscovered amino acids necessary for complex stability",https://doi.org/10.1101/2020.03.21.001933,bioRxiv,Phylogenetics,as long as no disrupting interference occur with both salt bridges at hot spots 31 and 353 coronaviruses are able to bind with hACE2,-,4/8/20,,,,
9,2020-03-18,Role of changes in SARS-CoV-2 spike protein in the interaction with the human ACE2 receptor: An in silico analysis,https://www.ncbi.nlm.nih.gov/pmc/articles/PMC7081066/,EXCLI J,Genomic analysis/protein modeling,"higher affinity of the SARS-Cov-2 spike protein to the human ACE2 receptor, compared to the one of Bat-CoV spike and ACE2. This could be the cause of the rapid viral spread of SARS-CoV-2 in humans",-,4/8/20,,,,
10,2020-03-15,Zoonotic origins of human coronaviruses,https://www.ncbi.nlm.nih.gov/pmc/articles/PMC7098031/,Int J Biol Sci,Genomic Analysis,Deletion splits ORF8 into ORF8a and ORF8b and is thought to be an adaptive mutation that promotes the switch of hosts ,-,4/8/20,,,,
11,2020-03-14,A highly conserved cryptic epitope in the receptor-binding domains of SARS-CoV-2 and SARS-CoV,https://doi.org/10.1101/2020.03.13.991570,bioRxiv,Proteomics,CR3022 targets a highly 27 conserved epitope that enables cross-reactive binding between SARS-CoV-2  and SARS-CoV,-,4/8/20,,,,
12,2020-03-12,Discovery of a 382-nt deletion during the early evolution of SARS-CoV-2,https://doi.org/10.1101/2020.03.11.987222,bioRxiv,qPCR/Genomic Analysis,382-nt deletion covering almost the entire open reading frame 8 (ORF8),patients: 8,4/25/20,,,,
13,2020-03-10,Genetic evolution analysis of 2019 novel coronavirus and coronavirus from other species,https://doi.org/10.1016/j.meegid.2020.104285,"Infection, Genetics and Evolution",Genomic Analysis,"Mutations of different SARS-CoV-2 isolates mainly occurs in five genes, including S, N, ORF8, ORF3a, and ORF1ab, with about 42% of the variations are non-synonymous mutation",-,4/8/20,,,,
14,2020-03-09,Genomic diversity of SARS-CoV-2 in Coronavirus Disease 2019 patients,https://doi.org/10.1093/cid/ciaa203,Clinical Infectious Diseases,Sequencing of bronchoalveolar lavage fluid,The median number of intrahost variants was 1–4 in SARS–CoV-2–infected patients,patients: 53,4/8/20,,,,
15,2020-03-02,Comparative genomic analysis revealed specific mutation pattern between human coronavirus SARS-CoV-2 and Bat-SARSr-CoV RaTG13,https://doi.org/10.1101/2020.02.27.969006,bioRxiv,Comparative Genomic Analysis,"nucleotide substitutions are enriched with T:C transition, which is consistent with the mutation signature caused by deactivity of RNA 3’-to-5’ exoribonuclease (ExoN)",-,4/8/20,,,,
16,2020-02-27,Outbreak of Novel Coronavirus (SARS-Cov-2): First Evidences From International Scientific Literature and Pending Questions Healthcare,https://doi.org/10.3390/healthcare8010051,MDPI Healthcare,,"The SARS-CoV-2 RNA sequences have been found to have limited variability and the estimated mutation rates in coronavirus, which SARS-CoV-2 phylogenetically links to, are moderate to high",patients: 27,4/6/20,,,,
17,2020-02-17,"Optimizing diagnostic strategy for novel coronavirus pneumonia, a multi-center study in Eastern China",https://doi.org/10.1101/2020.02.13.20022673,medRxiv,"Combination - chest CT, RT-PCR, multi-plex PCR","Genomic analysis showed that 8 of 10 cases had no mutation in virus genome, while 2 cases had only one single mutation in Ngene",patients: 53,4/8/20,,,,
18,2020-02-12,"The immune vulnerability landscape of the 2019 Novel Coronavirus, SARS-CoV-2",https://doi.org/10.1101/2020.02.08.939553,bioRxiv,Genomic Analysis,"mutations in SARS-CoV-2 are more than merely random genetic drifts, by showing some strains of SARS-CoV-2 have immunogenicity loss for T cell-based and/or B cell-based host immune surveillance",-,4/7/20,,,,
